Epoch,Id,Simplified Expr,Proof,Length Reduced
1,1,1,"Any[(24, 1)]",6.0
1,2,1,"Any[(13, 1), (13, 3), (17, 1), (8, 1), (11, 1), (13, 2), (44, 1), (26, 1), (24, 1)]",18.0
1,3,1,"Any[(13, 3), (17, 1), (10, 1), (11, 1), (13, 2), (44, 1), (24, 1)]",18.0
1,4,1,"Any[(24, 1)]",38.0
1,5,(v1 + v0) * 119 <= (((v2 * 30 + ((v0 + v1) * 119 + (v3 * 4 + v4))) + v5) + v7) - (v3 + v7),"Any[(34, 1), (7, 1), (9, 1), (7, 1), (10, 2), (13, 4), (13, 1)]",0.0
1,6,"(v0 + v1) * 119 <= ((v1 + v0) * 119 + ((((v2 * 30 + v3 * 4) + v5) + v4) + v7)) - (v7 + min((v4 + (v3 * 4 + v2 * 30)) + v5, v3))","Any[(34, 1), (7, 2), (7, 2), (7, 2), (7, 2), (10, 2), (13, 11), (13, 10), (13, 3), (13, 8)]",0.0
1,7,1,"Any[(24, 1)]",38.0
1,8,(v1 + v0) * 119 <= ((v7 + ((((v1 + v0) * 119 + v3 * 8) + v4) + v2 * 60)) + v5) - (v3 + v7),"Any[(34, 1), (7, 1), (9, 1), (7, 1), (10, 2), (13, 6), (13, 1), (13, 2), (7, 2), (7, 1)]",0.0
1,9,"(v0 + v1) * 119 <= ((v1 + v0) * 119 + ((((v2 * 60 + v4) + v3 * 8) + v5) + v7)) - (v7 + min(((v2 * 60 + v3 * 8) + v5) + v4, v3))","Any[(34, 1), (7, 2), (7, 2), (7, 2), (7, 2), (10, 4), (13, 3), (13, 8), (10, 3)]",0.0
1,10,1,"Any[(24, 1)]",42.0
2,1,1,"Any[(24, 1)]",6.0
2,2,112 <= 112,"Any[(13, 1), (17, 1), (10, 1), (11, 1), (44, 1), (26, 1)]",16.0
2,3,1,"Any[(13, 3), (13, 4), (17, 1), (10, 1), (11, 1), (13, 2), (44, 1), (26, 1), (24, 1)]",18.0
2,4,1,"Any[(24, 1)]",38.0
2,5,(v1 + v0) * 119 + (v3 + v7) <= v2 * 30 + ((v0 + v1) * 119 + (v3 * 4 + (v4 + (v5 + v7)))),"Any[(34, 1), (8, 1), (8, 1), (9, 1), (8, 2), (13, 2), (13, 1), (31, 1)]",0.0
2,6,"((v0 + v1) * 119 + (min(v2 * 30 + (v3 * 4 + (v4 + v5)), v3) + v7)) - (v3 * 4 + ((v4 + (v5 + v7)) + v2 * 30)) <= (v1 + v0) * 119","Any[(32, 1), (8, 2), (8, 2), (8, 1), (8, 1), (9, 4), (13, 11), (13, 7), (13, 8)]",0.0
2,7,1,"Any[(24, 1)]",38.0
2,8,(v0 + v1) * 119 <= (v2 * 60 + ((((v0 + v1) * 119 + (v5 + v7)) + v4) + v3 * 8)) - (v3 + v7),"Any[(34, 1), (8, 1), (8, 1), (9, 1), (8, 2), (9, 1), (13, 2), (9, 2)]",0.0
2,9,"(v0 + v1) * 119 + (min((v2 * 60 + (v4 + v5)) + v3 * 8, v3) + v7) <= (v0 + v1) * 119 + ((((v4 + v7) + v5) + v2 * 60) + v3 * 8)","Any[(32, 1), (8, 2), (8, 2), (8, 1), (8, 1), (9, 4), (9, 5), (13, 8), (9, 2), (35, 1)]",0.0
2,10,1,"Any[(24, 1)]",42.0
3,1,1,"Any[(24, 1)]",6.0
3,2,1,"Any[(13, 1), (13, 4), (17, 1), (10, 1), (11, 1), (13, 3), (44, 1), (26, 1), (24, 1)]",18.0
3,3,1,"Any[(17, 1), (10, 1), (11, 1), (44, 1), (24, 1)]",18.0
3,4,1,"Any[(24, 1)]",38.0
3,5,(v0 + v1) * 119 <= ((v1 + v0) * 119 + (((v7 + (v4 + v5)) + v3 * 4) + v2 * 30)) - (v3 + v7),"Any[(34, 1), (8, 2), (8, 1), (8, 1), (9, 1), (13, 6), (13, 4), (13, 5), (8, 1)]",0.0
3,6,"(v0 + v1) * 119 <= (((v0 + v1) * 119 + ((v5 + (v4 + v7)) + v3 * 4)) + v2 * 30) - (min(v2 * 30 + (v3 * 4 + (v4 + v5)), v3) + v7)","Any[(34, 1), (8, 1), (8, 1), (8, 1), (9, 1), (9, 1), (8, 3), (9, 2), (13, 6), (8, 2)]",0.0
3,7,1,"Any[(24, 1)]",38.0
3,8,(v1 + v0) * 119 <= (((v0 + v1) * 119 + ((v3 * 8 + (v4 + v7)) + v5)) + v2 * 60) - (v3 + v7),"Any[(34, 1), (8, 2), (8, 1), (8, 1), (9, 1), (13, 1), (10, 2), (7, 2)]",0.0
3,9,"(v0 + v1) * 119 <= (((v0 + v1) * 119 + ((v4 + (v5 + v7)) + v2 * 60)) + v3 * 8) - (min((v2 * 60 + (v4 + v5)) + v3 * 8, v3) + v7)","Any[(34, 1), (8, 1), (8, 1), (8, 1), (9, 1), (9, 1), (8, 3), (9, 3), (10, 1), (8, 2)]",0.0
3,10,1,"Any[(24, 1)]",42.0
4,1,1,"Any[(24, 1)]",6.0
4,2,1,"Any[(17, 1), (10, 1), (11, 1), (44, 1), (24, 1)]",18.0
4,3,v0 <= v0,"Any[(13, 3), (13, 4), (17, 1), (10, 1), (11, 1), (13, 2), (44, 1), (26, 1)]",16.0
4,4,1,"Any[(24, 1)]",38.0
4,5,(v0 * 119 + v1 * 119) + v3 <= v5 + ((((v0 + v1) * 119 + v4) + v3 * 4) + v2 * 30),"Any[(15, 1), (7, 2), (7, 3), (7, 2), (7, 1), (9, 1), (9, 1), (13, 5), (25, 1)]",2.0
4,6,"(v0 + v1) * 119 + min((v2 * 30 + v4) + (v3 * 4 + v5), v3) <= ((((v0 + v1) * 119 + v3 * 4) + v2 * 30) + v4) + v5","Any[(7, 3), (7, 1), (7, 3), (7, 2), (9, 2), (7, 2), (10, 5), (10, 2), (9, 1), (25, 1)]",4.0
4,7,1,"Any[(24, 1)]",38.0
4,8,v0 * 119 + (v3 + v1 * 119) <= ((((v0 + v1) * 119 + v3 * 8) + v4) + v2 * 60) + v5,"Any[(15, 1), (7, 2), (7, 3), (7, 2), (7, 1), (9, 1), (7, 1), (10, 2), (8, 2), (25, 1)]",2.0
4,9,"(v0 + v1) * 119 + min(v2 * 60 + ((v3 * 8 + v4) + v5), v3) <= v5 + (v4 + (((v0 + v1) * 119 + v3 * 8) + v2 * 60))","Any[(7, 3), (7, 1), (7, 3), (7, 2), (9, 2), (7, 2), (10, 5), (13, 8), (13, 9), (25, 1)]",4.0
4,10,1,"Any[(24, 1)]",42.0
5,1,1,"Any[(24, 1)]",6.0
5,2,1,"Any[(17, 1), (10, 1), (11, 1), (44, 1), (24, 1)]",18.0
5,3,1,"Any[(17, 1), (10, 1), (11, 1), (44, 1), (24, 1)]",18.0
5,4,1,"Any[(24, 1)]",38.0
5,5,(v0 + v1) * 119 + (v3 + v7) <= (((v5 + (v2 * 30 + v3 * 4)) + (v1 + v0) * 119) + v4) + v7,"Any[(7, 2), (7, 3), (7, 2), (7, 3), (7, 2), (13, 7), (10, 2), (13, 9), (13, 6), (7, 2)]",0.0
5,6,"(v0 + v1) * 119 + min(v2 * 30 + ((v3 * 4 + v4) + v5), v3) <= (((v0 + v1) * 119 + v2 * 30) + (v3 * 4 + v4)) + v5","Any[(7, 3), (7, 4), (7, 3), (7, 1), (7, 3), (7, 2), (25, 1), (7, 2), (8, 3)]",4.0
5,7,1,"Any[(24, 1)]",38.0
5,8,((v3 + v7) + (v0 + v1) * 119) - v7 <= v5 + (v4 + ((v0 + v1) * 119 + (v3 * 8 + v2 * 60))),"Any[(7, 2), (7, 3), (7, 2), (7, 3), (7, 2), (13, 6), (13, 5), (13, 9), (13, 1), (32, 1)]",0.0
5,9,"((v1 + v0) * 119 + min(v2 * 60 + ((v3 * 8 + v4) + v5), v3)) - v5 <= ((v0 + v1) * 119 + (v2 * 60 + v3 * 8)) + v4","Any[(7, 3), (7, 4), (7, 3), (7, 1), (7, 3), (7, 2), (25, 1), (13, 2), (32, 1)]",4.0
5,10,1,"Any[(24, 1)]",42.0
6,1,1,"Any[(24, 1)]",6.0
6,2,1,"Any[(13, 3), (17, 1), (8, 1), (11, 1), (13, 2), (44, 1), (24, 1)]",18.0
6,3,1,"Any[(17, 1), (10, 1), (11, 1), (44, 1), (24, 1)]",18.0
6,4,1,"Any[(24, 1)]",38.0
6,5,(((v0 + v1) * 119 + v3) + v7) - (v0 + v1) * 119 <= (v2 * 30 + ((v3 * 4 + v4) + v5)) + v7,"Any[(7, 1), (33, 1)]",0.0
6,6,"min(v2 * 30 + ((v3 * 4 + v4) + v5), v3) + v7 <= (v2 * 30 + ((v3 * 4 + v4) + v5)) + v7","Any[(13, 1), (26, 1)]",12.0
6,7,1,"Any[(24, 1)]",38.0
6,8,(v0 + v1) * 119 + (v7 + v3) <= ((v0 + v1) * 119 + v7) + (v2 * 60 + ((v3 * 8 + v4) + v5)),"Any[(9, 2), (13, 3)]",0.0
6,9,"min(v2 * 60 + ((v3 * 8 + v4) + v5), v3) + v7 <= (v2 * 60 + ((v3 * 8 + v4) + v5)) + v7","Any[(13, 1), (26, 1)]",12.0
6,10,1,"Any[(24, 1)]",42.0
7,1,1,"Any[(24, 1)]",6.0
7,2,1,"Any[(13, 3), (17, 1), (8, 1), (11, 1), (13, 2), (44, 1), (24, 1)]",18.0
7,3,1,"Any[(17, 1), (10, 1), (11, 1), (44, 1), (24, 1)]",18.0
7,4,1,"Any[(24, 1)]",38.0
7,5,(((v0 + v1) * 119 + v3) + v7) - (v0 + v1) * 119 <= (v2 * 30 + ((v3 * 4 + v4) + v5)) + v7,"Any[(7, 1), (33, 1)]",0.0
7,6,"min(v2 * 30 + ((v3 * 4 + v4) + v5), v3) + v7 <= (v2 * 30 + ((v3 * 4 + v4) + v5)) + v7","Any[(13, 1), (26, 1)]",12.0
7,7,1,"Any[(24, 1)]",38.0
7,8,(v0 + v1) * 119 + (v7 + v3) <= ((v0 + v1) * 119 + v7) + (v2 * 60 + ((v3 * 8 + v4) + v5)),"Any[(9, 2), (13, 3)]",0.0
7,9,"min(v2 * 60 + ((v3 * 8 + v4) + v5), v3) + v7 <= (v2 * 60 + ((v3 * 8 + v4) + v5)) + v7","Any[(13, 1), (26, 1)]",12.0
7,10,1,"Any[(24, 1)]",42.0
8,1,1,"Any[(24, 1)]",6.0
8,2,112 <= 112,"Any[(17, 1), (10, 1), (11, 1), (13, 1), (44, 1), (26, 1)]",16.0
8,3,1,"Any[(17, 1), (10, 1), (11, 1), (44, 1), (24, 1)]",18.0
8,4,1,"Any[(24, 1)]",38.0
8,5,(v0 + v1) * 119 + (v3 + v7) <= (v0 + v1) * 119 + (v2 * 30 + (((v3 * 4 + v4) + v5) + v7)),"Any[(8, 1)]",0.0
8,6,"(v7 + ((v0 + v1) * 119 + min(((v5 + v4) + v3 * 4) + v2 * 30, v3))) - (v7 + ((v5 + (v3 * 4 + v4)) + v2 * 30)) <= (v0 + v1) * 119","Any[(32, 1), (7, 1), (10, 2), (13, 9), (13, 4), (8, 3), (13, 8), (13, 1), (13, 7), (13, 5)]",0.0
8,7,1,"Any[(24, 1)]",38.0
8,8,(v0 + v1) * 119 <= ((v0 + v1) * 119 + ((v2 * 60 + ((v3 * 8 + v5) + v4)) + v7)) - (v3 + v7),"Any[(34, 1), (10, 2)]",0.0
8,9,"(min(v2 * 60 + ((v3 * 8 + v5) + v4), v3) + (v0 + v1) * 119) + v7 <= (v0 + v1) * 119 + ((v2 * 60 + (v4 + (v5 + v3 * 8))) + v7)","Any[(32, 1), (7, 1), (10, 2), (13, 9), (13, 2), (7, 3), (13, 9), (35, 1)]",0.0
8,10,1,"Any[(24, 1)]",42.0
9,1,1,"Any[(24, 1)]",6.0
9,2,1,"Any[(34, 1), (17, 1), (10, 1), (11, 1), (44, 1), (31, 1), (24, 1)]",18.0
9,3,1,"Any[(32, 1), (17, 1), (10, 1), (11, 1), (44, 1), (35, 1), (24, 1)]",18.0
9,4,1,"Any[(24, 1)]",38.0
9,5,((v7 + v3) + (v1 + v0) * 119) - ((v4 + ((v5 + v3 * 4) + v2 * 30)) + v7) <= (v0 + v1) * 119,"Any[(32, 1), (10, 2), (13, 1), (13, 7), (13, 2), (13, 3), (13, 5), (13, 6), (8, 3)]",0.0
9,6,"(v0 + v1) * 119 <= (((v0 + v1) * 119 + ((v3 * 4 + (v4 + v5)) + v7)) + v2 * 30) - (min(((v2 * 30 + v3 * 4) + v5) + v4, v3) + v7)","Any[(34, 1), (8, 1), (7, 3), (7, 3), (8, 2), (7, 1), (10, 3), (10, 1)]",0.0
9,7,1,"Any[(24, 1)]",38.0
9,8,(v1 + v0) * 119 + (v7 + v3) <= (v0 + v1) * 119 + (v7 + (((v5 + v4) + v3 * 8) + v2 * 60)),"Any[(32, 1), (10, 2), (13, 2), (13, 5), (8, 3), (13, 4), (13, 3), (13, 6), (35, 1)]",0.0
9,9,"(v0 + v1) * 119 <= ((((v1 + v0) * 119 + v2 * 60) + ((v4 + v5) + v3 * 8)) + v7) - (min((v2 * 60 + (v3 * 8 + v4)) + v5, v3) + v7)","Any[(34, 1), (8, 1), (7, 3), (7, 3), (8, 2), (7, 1), (8, 4), (13, 6), (13, 4), (7, 1)]",0.0
9,10,1,"Any[(24, 1)]",42.0
10,1,1,"Any[(24, 1)]",6.0
10,2,1,"Any[(17, 1), (10, 1), (13, 1), (11, 1), (44, 1), (13, 1), (24, 1)]",18.0
10,3,v0 <= v0,"Any[(17, 1), (13, 4), (10, 1), (11, 1), (44, 1), (26, 1)]",16.0
10,4,1,"Any[(24, 1)]",38.0
10,5,((v1 + v0) * 119 + v3) + v7 <= ((v7 + (v0 + v1) * 119) + v2 * 30) + (v4 + (v3 * 4 + v5)),"Any[(9, 2), (7, 2), (10, 3), (13, 7), (13, 2), (13, 8), (13, 3), (13, 6), (13, 7), (9, 1)]",0.0
10,6,"min((v2 * 30 + v3 * 4) + (v4 + v5), v3) + ((v1 + v0) * 119 + v7) <= (v0 + v1) * 119 + ((v5 + ((v3 * 4 + v2 * 30) + v4)) + v7)","Any[(9, 1), (8, 2), (7, 1), (7, 3), (9, 3), (13, 11), (13, 3), (13, 10), (13, 1), (7, 5)]",0.0
10,7,1,"Any[(24, 1)]",38.0
10,8,(v7 + v3) + (v1 + v0) * 119 <= (v7 + ((v0 + v1) * 119 + v2 * 60)) + (v5 + (v3 * 8 + v4)),"Any[(9, 2), (7, 2), (13, 2), (13, 3), (13, 5), (13, 1), (13, 6), (13, 8), (13, 5), (8, 3)]",0.0
10,9,"((v0 + v1) * 119 + v7) + min(((v4 + v5) + v2 * 60) + v3 * 8, v3) <= (v0 + v1) * 119 + (((v2 * 60 + (v3 * 8 + v4)) + v7) + v5)","Any[(9, 1), (8, 2), (7, 1), (7, 3), (10, 3), (13, 4), (7, 1)]",0.0
10,10,1,"Any[(24, 1)]",42.0
11,1,1,"Any[(24, 1)]",6.0
11,2,1,"Any[(17, 1), (13, 4), (10, 1), (11, 1), (13, 3), (44, 1), (24, 1)]",18.0
11,3,v0 <= v0,"Any[(33, 1), (13, 3), (17, 1), (10, 1), (11, 1), (35, 1), (13, 2), (44, 1), (26, 1)]",16.0
11,4,1,"Any[(24, 1)]",38.0
11,5,(((v1 + v0) * 119 + v7) + v3) - (v0 + v1) * 119 <= v7 + (v2 * 30 + (v3 * 4 + (v4 + v5))),"Any[(33, 1), (8, 2), (13, 2), (13, 5), (9, 1)]",0.0
11,6,"((v0 + v1) * 119 + (min(v2 * 30 + ((v4 + v3 * 4) + v5), v3) + v7)) - (v0 + v1) * 119 <= (v2 * 30 + ((v4 + v3 * 4) + v5)) + v7","Any[(33, 1), (13, 6), (13, 11)]",0.0
11,7,1,"Any[(24, 1)]",38.0
11,8,(v0 + v1) * 119 + (v3 + v7) <= (v7 + ((v2 * 60 + v3 * 8) + (v4 + v5))) + (v0 + v1) * 119,"Any[(33, 1), (8, 2), (7, 2), (13, 5), (35, 1)]",0.0
11,9,"(v0 + v1) * 119 + (min((v2 * 60 + (v3 * 8 + v4)) + v5, v3) + v7) <= ((v2 * 60 + ((v3 * 8 + v4) + v5)) + v7) + (v0 + v1) * 119","Any[(33, 1), (7, 2), (35, 1)]",0.0
11,10,1,"Any[(24, 1)]",42.0
12,1,1,"Any[(24, 1)]",6.0
12,2,1,"Any[(34, 1), (17, 1), (10, 1), (11, 1), (44, 1), (31, 1), (24, 1)]",18.0
12,3,1,"Any[(32, 1), (17, 1), (10, 1), (11, 1), (35, 1), (33, 1), (44, 1), (13, 1), (35, 1), (24, 1)]",18.0
12,4,1,"Any[(24, 1)]",38.0
12,5,(v0 + v1) * 119 + (v3 + v7) <= (v0 + v1) * 119 + (v2 * 30 + (((v3 * 4 + v4) + v5) + v7)),"Any[(8, 1)]",0.0
12,6,"(v0 + v1) * 119 <= (v7 + ((v4 + v5) + (((v1 + v0) * 119 + v2 * 30) + v3 * 4))) - (min((v2 * 30 + (v3 * 4 + v4)) + v5, v3) + v7)","Any[(34, 1), (7, 1), (7, 1), (13, 10), (8, 3), (9, 3), (7, 1), (13, 6), (13, 2), (13, 3)]",0.0
12,7,1,"Any[(24, 1)]",38.0
12,8,(v0 + v1) * 119 <= ((v0 + v1) * 119 + ((v2 * 60 + ((v3 * 8 + v5) + v4)) + v7)) - (v3 + v7),"Any[(34, 1), (10, 2)]",0.0
12,9,"(v0 + v1) * 119 <= ((v5 + v4) + ((((v0 + v1) * 119 + v2 * 60) + v3 * 8) + v7)) - (min((v2 * 60 + (v3 * 8 + v4)) + v5, v3) + v7)","Any[(34, 1), (7, 1), (7, 1), (13, 10), (8, 3), (9, 3), (7, 1), (13, 7), (13, 3), (8, 1)]",0.0
12,10,1,"Any[(24, 1)]",42.0
13,1,1,"Any[(24, 1)]",6.0
13,2,1,"Any[(34, 1), (17, 1), (10, 1), (11, 1), (44, 1), (31, 1), (24, 1)]",18.0
13,3,1,"Any[(32, 1), (13, 3), (17, 1), (10, 1), (11, 1), (13, 2), (44, 1), (35, 1), (24, 1)]",18.0
13,4,1,"Any[(24, 1)]",38.0
13,5,(v0 + v1) * 119 + (v3 + v7) <= (v0 + v1) * 119 + (v2 * 30 + (((v3 * 4 + v4) + v5) + v7)),"Any[(8, 1)]",0.0
13,6,"(v1 + v0) * 119 <= ((v0 + v1) * 119 + ((((v4 + v5) + v3 * 4) + v2 * 30) + v7)) - (min((v2 * 30 + (v4 + v5)) + v3 * 4, v3) + v7)","Any[(34, 1), (8, 2), (8, 2), (9, 2), (13, 5), (9, 4), (9, 2), (13, 1), (13, 6)]",0.0
13,7,1,"Any[(24, 1)]",38.0
13,8,(v0 + v1) * 119 <= ((v0 + v1) * 119 + ((v2 * 60 + ((v3 * 8 + v5) + v4)) + v7)) - (v3 + v7),"Any[(34, 1), (10, 2)]",0.0
13,9,"(v1 + v0) * 119 <= ((v0 + v1) * 119 + (((v4 + v5) + (v2 * 60 + v3 * 8)) + v7)) - (min((v3 * 8 + v4) + (v2 * 60 + v5), v3) + v7)","Any[(34, 1), (8, 2), (7, 2), (13, 5), (13, 1), (9, 3), (13, 9)]",0.0
13,10,1,"Any[(24, 1)]",42.0
14,1,1,"Any[(24, 1)]",6.0
14,2,1,"Any[(13, 3), (17, 1), (8, 1), (11, 1), (13, 2), (44, 1), (24, 1)]",18.0
14,3,1,"Any[(13, 2), (17, 1), (8, 1), (11, 1), (13, 1), (44, 1), (24, 1)]",18.0
14,4,1,"Any[(24, 1)]",38.0
14,5,v7 + v3 <= (v2 * 30 + ((v3 * 4 + v4) + v5)) + v7,"Any[(13, 3), (13, 1), (26, 1)]",12.0
14,6,"(v0 + v1) * 119 + (min(v2 * 30 + ((v3 * 4 + v4) + v5), v3) + v7) <= (v2 * 30 + ((v3 * 4 + v4) + v5)) + ((v0 + v1) * 119 + v7)","Any[(9, 3), (13, 7)]",0.0
14,7,1,"Any[(24, 1)]",38.0
14,8,v7 + v3 <= ((v2 * 60 + v4) + (v5 + v3 * 8)) + v7,"Any[(13, 3), (13, 8), (7, 4), (13, 1), (9, 2), (26, 1)]",12.0
14,9,"(min(v2 * 60 + ((v3 * 8 + v4) + v5), v3) + v7) + (v0 + v1) * 119 <= (v0 + v1) * 119 + ((v2 * 60 + ((v3 * 8 + v4) + v5)) + v7)","Any[(13, 1)]",0.0
14,10,1,"Any[(24, 1)]",42.0
15,1,1,"Any[(24, 1)]",6.0
15,2,1,"Any[(17, 1), (13, 1), (10, 1), (11, 1), (44, 1), (26, 1), (24, 1)]",18.0
15,3,v0 <= v0,"Any[(17, 1), (13, 4), (10, 1), (11, 1), (44, 1), (26, 1)]",16.0
15,4,1,"Any[(24, 1)]",38.0
15,5,((v1 + v0) * 119 + v3) + v7 <= (v7 + (v0 + v1) * 119) + ((v5 + (v3 * 4 + v4)) + v2 * 30),"Any[(9, 2), (10, 2), (13, 3), (13, 9), (13, 5), (13, 2), (8, 2), (13, 7), (9, 1)]",0.0
15,6,"(((v0 + v1) * 119 + min((v2 * 30 + v5) + (v3 * 4 + v4), v3)) + v7) - (v2 * 30 + (v5 + (v7 + (v3 * 4 + v4)))) <= (v1 + v0) * 119","Any[(7, 1), (8, 3), (9, 1), (10, 3), (13, 11), (13, 10), (13, 8), (32, 1)]",0.0
15,7,1,"Any[(24, 1)]",38.0
15,8,(v7 + v3) + (v0 + v1) * 119 <= (v7 + (v1 + v0) * 119) + (v4 + ((v5 + v3 * 8) + v2 * 60)),"Any[(9, 2), (10, 2), (13, 3), (13, 8), (13, 6), (13, 5), (13, 7), (13, 9), (13, 1), (8, 3)]",0.0
15,9,"(v7 + ((v0 + v1) * 119 + min((v2 * 60 + v5) + (v3 * 8 + v4), v3))) - (v0 + v1) * 119 <= v2 * 60 + (v7 + ((v3 * 8 + v4) + v5))","Any[(7, 1), (8, 3), (9, 1), (10, 3), (13, 11), (13, 7), (8, 4), (13, 1), (32, 1)]",0.0
15,10,1,"Any[(24, 1)]",42.0
16,1,1,"Any[(24, 1)]",6.0
16,2,1,"Any[(17, 1), (13, 1), (10, 1), (11, 1), (44, 1), (26, 1), (24, 1)]",18.0
16,3,1,"Any[(17, 1), (10, 1), (11, 1), (44, 1), (24, 1)]",18.0
16,4,1,"Any[(24, 1)]",38.0
16,5,v7 + v3 <= (((v3 * 4 + v7) + v4) + v5) + v2 * 30,"Any[(8, 1), (8, 2), (13, 3), (13, 4), (13, 1), (7, 2), (10, 3), (13, 5), (10, 5), (25, 1)]",12.0
16,6,"(v0 + v1) * 119 + (min((v2 * 30 + v3 * 4) + (v4 + v5), v3) + v7) <= (v0 + v1) * 119 + ((v2 * 30 + ((v3 * 4 + v4) + v5)) + v7)","Any[(10, 2), (8, 1), (7, 2), (10, 2)]",0.0
16,7,1,"Any[(24, 1)]",38.0
16,8,v3 + v7 <= v2 * 60 + ((v5 + (v3 * 8 + v4)) + v7),"Any[(8, 1), (13, 1), (13, 4), (13, 7), (25, 1)]",12.0
16,9,"(v0 + v1) * 119 + (min(v2 * 60 + (v5 + (v3 * 8 + v4)), v3) + v7) <= (v0 + v1) * 119 + ((v2 * 60 + ((v3 * 8 + v4) + v5)) + v7)","Any[(13, 5)]",0.0
16,10,1,"Any[(24, 1)]",42.0
17,1,1,"Any[(24, 1)]",6.0
17,2,1,"Any[(13, 3), (17, 1), (10, 1), (13, 2), (9, 1), (11, 1), (44, 1), (24, 1)]",18.0
17,3,v0 + 112 <= 112 + v0,"Any[(13, 3), (13, 4), (17, 1), (10, 1), (11, 1), (13, 2), (44, 1)]",12.0
17,4,1,"Any[(24, 1)]",38.0
17,5,(v3 + v7) + (v1 + v0) * 119 <= (((v1 + v0) * 119 + ((v2 * 30 + v4) + v3 * 4)) + v7) + v5,"Any[(7, 3), (10, 1), (8, 1), (7, 2), (13, 6), (13, 9), (9, 4), (13, 1), (13, 3), (9, 1)]",0.0
17,6,"((v0 + v1) * 119 + (min(v2 * 30 + ((v3 * 4 + v4) + v5), v3) + v7)) - ((v2 * 30 + ((v3 * 4 + v4) + v5)) + v7) <= (v0 + v1) * 119","Any[(32, 1)]",0.0
17,7,1,"Any[(24, 1)]",38.0
17,8,(v0 + v1) * 119 + (v7 + v3) <= ((v7 + v5) + (v0 + v1) * 119) + ((v2 * 60 + v3 * 8) + v4),"Any[(7, 3), (10, 1), (8, 1), (7, 2), (13, 3), (13, 4), (7, 4), (7, 2)]",0.0
17,9,"(min(v2 * 60 + ((v3 * 8 + v4) + v5), v3) + v7) + (v0 + v1) * 119 <= (v0 + v1) * 119 + ((v2 * 60 + ((v3 * 8 + v4) + v5)) + v7)","Any[(13, 1)]",0.0
17,10,1,"Any[(24, 1)]",42.0
18,1,1,"Any[(24, 1)]",6.0
18,2,112 <= (v0 + 112) - v0,"Any[(13, 1), (34, 1), (17, 1), (10, 1), (11, 1), (44, 1)]",12.0
18,3,1,"Any[(33, 1), (17, 1), (35, 1), (33, 1), (10, 1), (11, 1), (44, 1), (35, 1), (24, 1)]",18.0
18,4,1,"Any[(24, 1)]",38.0
18,5,v7 + v3 <= (v2 * 30 + ((v4 + v3 * 4) + v5)) + v7,"Any[(34, 1), (15, 2), (15, 1), (34, 1), (13, 7), (13, 6), (31, 1), (31, 1), (13, 1), (26, 1)]",12.0
18,6,"min(v2 * 30 + (v5 + (v4 + v3 * 4)), v3) + v7 <= (v2 * 30 + ((v3 * 4 + v4) + v5)) + v7","Any[(34, 1), (15, 2), (15, 1), (34, 1), (13, 10), (13, 9), (31, 1), (31, 1), (13, 1), (26, 1)]",12.0
18,7,1,"Any[(24, 1)]",38.0
18,8,v7 + v3 <= (v2 * 60 + ((v4 + v3 * 8) + v5)) + v7,"Any[(34, 1), (15, 2), (15, 1), (34, 1), (13, 7), (13, 6), (31, 1), (31, 1), (13, 1), (26, 1)]",12.0
18,9,"min(v2 * 60 + (v5 + (v4 + v3 * 8)), v3) + v7 <= (v2 * 60 + ((v3 * 8 + v4) + v5)) + v7","Any[(34, 1), (15, 2), (15, 1), (34, 1), (13, 10), (13, 9), (31, 1), (31, 1), (13, 1), (26, 1)]",12.0
18,10,1,"Any[(24, 1)]",42.0
19,1,1,"Any[(24, 1)]",6.0
19,2,112 <= (v0 + 112) - v0,"Any[(13, 1), (34, 1), (17, 1), (10, 1), (11, 1), (44, 1)]",12.0
19,3,1,"Any[(33, 1), (17, 1), (35, 1), (33, 1), (10, 1), (11, 1), (44, 1), (35, 1), (24, 1)]",18.0
19,4,1,"Any[(24, 1)]",38.0
19,5,v7 + v3 <= (v2 * 30 + ((v4 + v3 * 4) + v5)) + v7,"Any[(34, 1), (15, 2), (15, 1), (34, 1), (13, 7), (13, 6), (31, 1), (31, 1), (13, 1), (26, 1)]",12.0
19,6,"min(v2 * 30 + (v5 + (v4 + v3 * 4)), v3) + v7 <= (v2 * 30 + ((v3 * 4 + v4) + v5)) + v7","Any[(34, 1), (15, 2), (15, 1), (34, 1), (13, 10), (13, 9), (31, 1), (31, 1), (13, 1), (26, 1)]",12.0
19,7,1,"Any[(24, 1)]",38.0
19,8,v7 + v3 <= (v2 * 60 + ((v4 + v3 * 8) + v5)) + v7,"Any[(34, 1), (15, 2), (15, 1), (34, 1), (13, 7), (13, 6), (31, 1), (31, 1), (13, 1), (26, 1)]",12.0
19,9,"min(v2 * 60 + (v5 + (v4 + v3 * 8)), v3) + v7 <= (v2 * 60 + ((v3 * 8 + v4) + v5)) + v7","Any[(34, 1), (15, 2), (15, 1), (34, 1), (13, 10), (13, 9), (31, 1), (31, 1), (13, 1), (26, 1)]",12.0
19,10,1,"Any[(24, 1)]",42.0
20,1,1,"Any[(24, 1)]",6.0
20,2,112 <= (v0 + 112) - v0,"Any[(13, 1), (34, 1), (17, 1), (10, 1), (11, 1), (44, 1)]",12.0
20,3,1,"Any[(33, 1), (17, 1), (35, 1), (33, 1), (10, 1), (11, 1), (44, 1), (35, 1), (24, 1)]",18.0
20,4,1,"Any[(24, 1)]",38.0
20,5,v7 + v3 <= (v2 * 30 + ((v4 + v3 * 4) + v5)) + v7,"Any[(34, 1), (15, 2), (15, 1), (34, 1), (13, 7), (13, 6), (31, 1), (31, 1), (13, 1), (26, 1)]",12.0
20,6,"min(v2 * 30 + (v5 + (v4 + v3 * 4)), v3) + v7 <= (v2 * 30 + ((v3 * 4 + v4) + v5)) + v7","Any[(34, 1), (15, 2), (15, 1), (34, 1), (13, 10), (13, 9), (31, 1), (31, 1), (13, 1), (26, 1)]",12.0
20,7,1,"Any[(24, 1)]",38.0
20,8,v7 + v3 <= (v2 * 60 + ((v4 + v3 * 8) + v5)) + v7,"Any[(34, 1), (15, 2), (15, 1), (34, 1), (13, 7), (13, 6), (31, 1), (31, 1), (13, 1), (26, 1)]",12.0
20,9,"min(v2 * 60 + (v5 + (v4 + v3 * 8)), v3) + v7 <= (v2 * 60 + ((v3 * 8 + v4) + v5)) + v7","Any[(34, 1), (15, 2), (15, 1), (34, 1), (13, 10), (13, 9), (31, 1), (31, 1), (13, 1), (26, 1)]",12.0
20,10,1,"Any[(24, 1)]",42.0
21,1,1,"Any[(24, 1)]",6.0
21,2,112 <= (v0 + 112) - v0,"Any[(13, 1), (34, 1), (17, 1), (10, 1), (11, 1), (44, 1)]",12.0
21,3,1,"Any[(33, 1), (17, 1), (35, 1), (33, 1), (10, 1), (11, 1), (44, 1), (35, 1), (24, 1)]",18.0
21,4,1,"Any[(24, 1)]",38.0
21,5,v7 + v3 <= (v2 * 30 + ((v4 + v3 * 4) + v5)) + v7,"Any[(34, 1), (15, 2), (15, 1), (34, 1), (13, 7), (13, 6), (31, 1), (31, 1), (13, 1), (26, 1)]",12.0
21,6,"min(v2 * 30 + (v5 + (v4 + v3 * 4)), v3) + v7 <= (v2 * 30 + ((v3 * 4 + v4) + v5)) + v7","Any[(34, 1), (15, 2), (15, 1), (34, 1), (13, 10), (13, 9), (31, 1), (31, 1), (13, 1), (26, 1)]",12.0
21,7,1,"Any[(24, 1)]",38.0
21,8,v7 + v3 <= (v2 * 60 + ((v4 + v3 * 8) + v5)) + v7,"Any[(34, 1), (15, 2), (15, 1), (34, 1), (13, 7), (13, 6), (31, 1), (31, 1), (13, 1), (26, 1)]",12.0
21,9,"min(v2 * 60 + (v5 + (v4 + v3 * 8)), v3) + v7 <= (v2 * 60 + ((v3 * 8 + v4) + v5)) + v7","Any[(34, 1), (15, 2), (15, 1), (34, 1), (13, 10), (13, 9), (31, 1), (31, 1), (13, 1), (26, 1)]",12.0
21,10,1,"Any[(24, 1)]",42.0
22,1,1,"Any[(24, 1)]",6.0
22,2,112 <= (v0 + 112) - v0,"Any[(13, 1), (34, 1), (17, 1), (10, 1), (11, 1), (44, 1)]",12.0
22,3,1,"Any[(33, 1), (17, 1), (35, 1), (33, 1), (10, 1), (11, 1), (44, 1), (35, 1), (24, 1)]",18.0
22,4,1,"Any[(24, 1)]",38.0
22,5,v7 + v3 <= (v2 * 30 + ((v4 + v3 * 4) + v5)) + v7,"Any[(34, 1), (15, 2), (15, 1), (34, 1), (13, 7), (13, 6), (31, 1), (31, 1), (13, 1), (26, 1)]",12.0
22,6,"min(v2 * 30 + (v5 + (v4 + v3 * 4)), v3) + v7 <= (v2 * 30 + ((v3 * 4 + v4) + v5)) + v7","Any[(34, 1), (15, 2), (15, 1), (34, 1), (13, 10), (13, 9), (31, 1), (31, 1), (13, 1), (26, 1)]",12.0
22,7,1,"Any[(24, 1)]",38.0
22,8,v7 + v3 <= (v2 * 60 + ((v4 + v3 * 8) + v5)) + v7,"Any[(34, 1), (15, 2), (15, 1), (34, 1), (13, 7), (13, 6), (31, 1), (31, 1), (13, 1), (26, 1)]",12.0
22,9,"min(v2 * 60 + (v5 + (v4 + v3 * 8)), v3) + v7 <= (v2 * 60 + ((v3 * 8 + v4) + v5)) + v7","Any[(34, 1), (15, 2), (15, 1), (34, 1), (13, 10), (13, 9), (31, 1), (31, 1), (13, 1), (26, 1)]",12.0
22,10,1,"Any[(24, 1)]",42.0
23,1,1,"Any[(24, 1)]",6.0
23,2,112 <= (v0 + 112) - v0,"Any[(13, 1), (34, 1), (17, 1), (10, 1), (11, 1), (44, 1)]",12.0
23,3,1,"Any[(33, 1), (17, 1), (35, 1), (33, 1), (10, 1), (11, 1), (44, 1), (35, 1), (24, 1)]",18.0
23,4,1,"Any[(24, 1)]",38.0
23,5,v7 + v3 <= (v2 * 30 + ((v4 + v3 * 4) + v5)) + v7,"Any[(34, 1), (15, 2), (15, 1), (34, 1), (13, 7), (13, 6), (31, 1), (31, 1), (13, 1), (26, 1)]",12.0
23,6,"min(v2 * 30 + (v5 + (v4 + v3 * 4)), v3) + v7 <= (v2 * 30 + ((v3 * 4 + v4) + v5)) + v7","Any[(34, 1), (15, 2), (15, 1), (34, 1), (13, 10), (13, 9), (31, 1), (31, 1), (13, 1), (26, 1)]",12.0
23,7,1,"Any[(24, 1)]",38.0
23,8,v7 + v3 <= (v2 * 60 + ((v4 + v3 * 8) + v5)) + v7,"Any[(34, 1), (15, 2), (15, 1), (34, 1), (13, 7), (13, 6), (31, 1), (31, 1), (13, 1), (26, 1)]",12.0
23,9,"min(v2 * 60 + (v5 + (v4 + v3 * 8)), v3) + v7 <= (v2 * 60 + ((v3 * 8 + v4) + v5)) + v7","Any[(34, 1), (15, 2), (15, 1), (34, 1), (13, 10), (13, 9), (31, 1), (31, 1), (13, 1), (26, 1)]",12.0
23,10,1,"Any[(24, 1)]",42.0
24,1,1,"Any[(24, 1)]",6.0
24,2,112 <= (v0 + 112) - v0,"Any[(13, 1), (34, 1), (17, 1), (10, 1), (11, 1), (44, 1)]",12.0
24,3,1,"Any[(33, 1), (17, 1), (35, 1), (33, 1), (10, 1), (11, 1), (44, 1), (35, 1), (24, 1)]",18.0
24,4,1,"Any[(24, 1)]",38.0
24,5,v7 + v3 <= (v2 * 30 + ((v4 + v3 * 4) + v5)) + v7,"Any[(34, 1), (15, 2), (15, 1), (34, 1), (13, 7), (13, 6), (31, 1), (31, 1), (13, 1), (26, 1)]",12.0
24,6,"min(v2 * 30 + (v5 + (v4 + v3 * 4)), v3) + v7 <= (v2 * 30 + ((v3 * 4 + v4) + v5)) + v7","Any[(34, 1), (15, 2), (15, 1), (34, 1), (13, 10), (13, 9), (31, 1), (31, 1), (13, 1), (26, 1)]",12.0
24,7,1,"Any[(24, 1)]",38.0
24,8,v7 + v3 <= (v2 * 60 + ((v4 + v3 * 8) + v5)) + v7,"Any[(34, 1), (15, 2), (15, 1), (34, 1), (13, 7), (13, 6), (31, 1), (31, 1), (13, 1), (26, 1)]",12.0
24,9,"min(v2 * 60 + (v5 + (v4 + v3 * 8)), v3) + v7 <= (v2 * 60 + ((v3 * 8 + v4) + v5)) + v7","Any[(34, 1), (15, 2), (15, 1), (34, 1), (13, 10), (13, 9), (31, 1), (31, 1), (13, 1), (26, 1)]",12.0
24,10,1,"Any[(24, 1)]",42.0
25,1,1,"Any[(24, 1)]",6.0
25,2,112 <= (v0 + 112) - v0,"Any[(13, 1), (34, 1), (17, 1), (10, 1), (11, 1), (44, 1)]",12.0
25,3,1,"Any[(33, 1), (17, 1), (35, 1), (33, 1), (10, 1), (11, 1), (44, 1), (35, 1), (24, 1)]",18.0
25,4,1,"Any[(24, 1)]",38.0
25,5,v7 + v3 <= (v2 * 30 + ((v4 + v3 * 4) + v5)) + v7,"Any[(34, 1), (15, 2), (15, 1), (34, 1), (13, 7), (13, 6), (31, 1), (31, 1), (13, 1), (26, 1)]",12.0
25,6,"min(v2 * 30 + (v5 + (v4 + v3 * 4)), v3) + v7 <= (v2 * 30 + ((v3 * 4 + v4) + v5)) + v7","Any[(34, 1), (15, 2), (15, 1), (34, 1), (13, 10), (13, 9), (31, 1), (31, 1), (13, 1), (26, 1)]",12.0
25,7,1,"Any[(24, 1)]",38.0
25,8,v7 + v3 <= (v2 * 60 + ((v4 + v3 * 8) + v5)) + v7,"Any[(34, 1), (15, 2), (15, 1), (34, 1), (13, 7), (13, 6), (31, 1), (31, 1), (13, 1), (26, 1)]",12.0
25,9,"min(v2 * 60 + (v5 + (v4 + v3 * 8)), v3) + v7 <= (v2 * 60 + ((v3 * 8 + v4) + v5)) + v7","Any[(34, 1), (15, 2), (15, 1), (34, 1), (13, 10), (13, 9), (31, 1), (31, 1), (13, 1), (26, 1)]",12.0
25,10,1,"Any[(24, 1)]",42.0
26,1,1,"Any[(24, 1)]",6.0
26,2,112 <= (v0 + 112) - v0,"Any[(13, 1), (34, 1), (17, 1), (10, 1), (11, 1), (44, 1)]",12.0
26,3,1,"Any[(33, 1), (17, 1), (35, 1), (33, 1), (10, 1), (11, 1), (44, 1), (35, 1), (24, 1)]",18.0
26,4,1,"Any[(24, 1)]",38.0
26,5,v7 + v3 <= (v2 * 30 + ((v4 + v3 * 4) + v5)) + v7,"Any[(34, 1), (15, 2), (15, 1), (34, 1), (13, 7), (13, 6), (31, 1), (31, 1), (13, 1), (26, 1)]",12.0
26,6,"min(v2 * 30 + (v5 + (v4 + v3 * 4)), v3) + v7 <= (v2 * 30 + ((v3 * 4 + v4) + v5)) + v7","Any[(34, 1), (15, 2), (15, 1), (34, 1), (13, 10), (13, 9), (31, 1), (31, 1), (13, 1), (26, 1)]",12.0
26,7,1,"Any[(24, 1)]",38.0
26,8,v7 + v3 <= (v2 * 60 + ((v4 + v3 * 8) + v5)) + v7,"Any[(34, 1), (15, 2), (15, 1), (34, 1), (13, 7), (13, 6), (31, 1), (31, 1), (13, 1), (26, 1)]",12.0
26,9,"min(v2 * 60 + (v5 + (v4 + v3 * 8)), v3) + v7 <= (v2 * 60 + ((v3 * 8 + v4) + v5)) + v7","Any[(34, 1), (15, 2), (15, 1), (34, 1), (13, 10), (13, 9), (31, 1), (31, 1), (13, 1), (26, 1)]",12.0
26,10,1,"Any[(24, 1)]",42.0
27,1,1,"Any[(24, 1)]",6.0
27,2,112 <= (v0 + 112) - v0,"Any[(13, 1), (34, 1), (17, 1), (10, 1), (11, 1), (44, 1)]",12.0
27,3,1,"Any[(33, 1), (17, 1), (35, 1), (33, 1), (10, 1), (11, 1), (44, 1), (35, 1), (24, 1)]",18.0
27,4,1,"Any[(24, 1)]",38.0
27,5,v7 + v3 <= (v2 * 30 + ((v4 + v3 * 4) + v5)) + v7,"Any[(34, 1), (15, 2), (15, 1), (34, 1), (13, 7), (13, 6), (31, 1), (31, 1), (13, 1), (26, 1)]",12.0
27,6,"min(v2 * 30 + (v5 + (v4 + v3 * 4)), v3) + v7 <= (v2 * 30 + ((v3 * 4 + v4) + v5)) + v7","Any[(34, 1), (15, 2), (15, 1), (34, 1), (13, 10), (13, 9), (31, 1), (31, 1), (13, 1), (26, 1)]",12.0
27,7,1,"Any[(24, 1)]",38.0
27,8,v7 + v3 <= (v2 * 60 + ((v4 + v3 * 8) + v5)) + v7,"Any[(34, 1), (15, 2), (15, 1), (34, 1), (13, 7), (13, 6), (31, 1), (31, 1), (13, 1), (26, 1)]",12.0
27,9,"min(v2 * 60 + (v5 + (v4 + v3 * 8)), v3) + v7 <= (v2 * 60 + ((v3 * 8 + v4) + v5)) + v7","Any[(34, 1), (15, 2), (15, 1), (34, 1), (13, 10), (13, 9), (31, 1), (31, 1), (13, 1), (26, 1)]",12.0
27,10,1,"Any[(24, 1)]",42.0
28,1,1,"Any[(24, 1)]",6.0
28,2,112 <= (v0 + 112) - v0,"Any[(13, 1), (34, 1), (17, 1), (10, 1), (11, 1), (44, 1)]",12.0
28,3,1,"Any[(33, 1), (17, 1), (35, 1), (33, 1), (10, 1), (11, 1), (44, 1), (35, 1), (24, 1)]",18.0
28,4,1,"Any[(24, 1)]",38.0
28,5,v7 + v3 <= (v2 * 30 + ((v4 + v3 * 4) + v5)) + v7,"Any[(34, 1), (15, 2), (15, 1), (34, 1), (13, 7), (13, 6), (31, 1), (31, 1), (13, 1), (26, 1)]",12.0
28,6,"min(v2 * 30 + (v5 + (v4 + v3 * 4)), v3) + v7 <= (v2 * 30 + ((v3 * 4 + v4) + v5)) + v7","Any[(34, 1), (15, 2), (15, 1), (34, 1), (13, 10), (13, 9), (31, 1), (31, 1), (13, 1), (26, 1)]",12.0
28,7,1,"Any[(24, 1)]",38.0
28,8,v7 + v3 <= (v2 * 60 + ((v4 + v3 * 8) + v5)) + v7,"Any[(34, 1), (15, 2), (15, 1), (34, 1), (13, 7), (13, 6), (31, 1), (31, 1), (13, 1), (26, 1)]",12.0
28,9,"min(v2 * 60 + (v5 + (v4 + v3 * 8)), v3) + v7 <= (v2 * 60 + ((v3 * 8 + v4) + v5)) + v7","Any[(34, 1), (15, 2), (15, 1), (34, 1), (13, 10), (13, 9), (31, 1), (31, 1), (13, 1), (26, 1)]",12.0
28,10,1,"Any[(24, 1)]",42.0
29,1,1,"Any[(24, 1)]",6.0
29,2,112 <= (v0 + 112) - v0,"Any[(13, 1), (34, 1), (17, 1), (10, 1), (11, 1), (44, 1)]",12.0
29,3,1,"Any[(33, 1), (17, 1), (35, 1), (33, 1), (10, 1), (11, 1), (44, 1), (35, 1), (24, 1)]",18.0
29,4,1,"Any[(24, 1)]",38.0
29,5,v7 + v3 <= (v2 * 30 + ((v4 + v3 * 4) + v5)) + v7,"Any[(34, 1), (15, 2), (15, 1), (34, 1), (13, 7), (13, 6), (31, 1), (31, 1), (13, 1), (26, 1)]",12.0
29,6,"min(v2 * 30 + (v5 + (v4 + v3 * 4)), v3) + v7 <= (v2 * 30 + ((v3 * 4 + v4) + v5)) + v7","Any[(34, 1), (15, 2), (15, 1), (34, 1), (13, 10), (13, 9), (31, 1), (31, 1), (13, 1), (26, 1)]",12.0
29,7,1,"Any[(24, 1)]",38.0
29,8,v7 + v3 <= (v2 * 60 + ((v4 + v3 * 8) + v5)) + v7,"Any[(34, 1), (15, 2), (15, 1), (34, 1), (13, 7), (13, 6), (31, 1), (31, 1), (13, 1), (26, 1)]",12.0
29,9,"min(v2 * 60 + (v5 + (v4 + v3 * 8)), v3) + v7 <= (v2 * 60 + ((v3 * 8 + v4) + v5)) + v7","Any[(34, 1), (15, 2), (15, 1), (34, 1), (13, 10), (13, 9), (31, 1), (31, 1), (13, 1), (26, 1)]",12.0
29,10,1,"Any[(24, 1)]",42.0
30,1,1,"Any[(24, 1)]",6.0
30,2,112 <= (v0 + 112) - v0,"Any[(13, 1), (34, 1), (17, 1), (10, 1), (11, 1), (44, 1)]",12.0
30,3,1,"Any[(33, 1), (17, 1), (35, 1), (33, 1), (10, 1), (11, 1), (44, 1), (35, 1), (24, 1)]",18.0
30,4,1,"Any[(24, 1)]",38.0
30,5,v7 + v3 <= (v2 * 30 + ((v4 + v3 * 4) + v5)) + v7,"Any[(34, 1), (15, 2), (15, 1), (34, 1), (13, 7), (13, 6), (31, 1), (31, 1), (13, 1), (26, 1)]",12.0
30,6,"min(v2 * 30 + (v5 + (v4 + v3 * 4)), v3) + v7 <= (v2 * 30 + ((v3 * 4 + v4) + v5)) + v7","Any[(34, 1), (15, 2), (15, 1), (34, 1), (13, 10), (13, 9), (31, 1), (31, 1), (13, 1), (26, 1)]",12.0
30,7,1,"Any[(24, 1)]",38.0
30,8,v7 + v3 <= (v2 * 60 + ((v4 + v3 * 8) + v5)) + v7,"Any[(34, 1), (15, 2), (15, 1), (34, 1), (13, 7), (13, 6), (31, 1), (31, 1), (13, 1), (26, 1)]",12.0
30,9,"min(v2 * 60 + (v5 + (v4 + v3 * 8)), v3) + v7 <= (v2 * 60 + ((v3 * 8 + v4) + v5)) + v7","Any[(34, 1), (15, 2), (15, 1), (34, 1), (13, 10), (13, 9), (31, 1), (31, 1), (13, 1), (26, 1)]",12.0
30,10,1,"Any[(24, 1)]",42.0
31,1,1,"Any[(24, 1)]",6.0
31,2,112 <= (v0 + 112) - v0,"Any[(13, 1), (34, 1), (17, 1), (10, 1), (11, 1), (44, 1)]",12.0
31,3,1,"Any[(33, 1), (17, 1), (35, 1), (33, 1), (10, 1), (11, 1), (44, 1), (35, 1), (24, 1)]",18.0
31,4,1,"Any[(24, 1)]",38.0
31,5,v7 + v3 <= (v2 * 30 + ((v4 + v3 * 4) + v5)) + v7,"Any[(34, 1), (15, 2), (15, 1), (34, 1), (13, 7), (13, 6), (31, 1), (31, 1), (13, 1), (26, 1)]",12.0
31,6,"min(v2 * 30 + (v5 + (v4 + v3 * 4)), v3) + v7 <= (v2 * 30 + ((v3 * 4 + v4) + v5)) + v7","Any[(34, 1), (15, 2), (15, 1), (34, 1), (13, 10), (13, 9), (31, 1), (31, 1), (13, 1), (26, 1)]",12.0
31,7,1,"Any[(24, 1)]",38.0
31,8,v7 + v3 <= (v2 * 60 + ((v4 + v3 * 8) + v5)) + v7,"Any[(34, 1), (15, 2), (15, 1), (34, 1), (13, 7), (13, 6), (31, 1), (31, 1), (13, 1), (26, 1)]",12.0
31,9,"min(v2 * 60 + (v5 + (v4 + v3 * 8)), v3) + v7 <= (v2 * 60 + ((v3 * 8 + v4) + v5)) + v7","Any[(34, 1), (15, 2), (15, 1), (34, 1), (13, 10), (13, 9), (31, 1), (31, 1), (13, 1), (26, 1)]",12.0
31,10,1,"Any[(24, 1)]",42.0
32,1,1,"Any[(24, 1)]",6.0
32,2,112 <= (v0 + 112) - v0,"Any[(13, 1), (34, 1), (17, 1), (10, 1), (11, 1), (44, 1)]",12.0
32,3,1,"Any[(33, 1), (17, 1), (35, 1), (33, 1), (10, 1), (11, 1), (44, 1), (35, 1), (24, 1)]",18.0
32,4,1,"Any[(24, 1)]",38.0
32,5,v7 + v3 <= (v2 * 30 + ((v4 + v3 * 4) + v5)) + v7,"Any[(34, 1), (15, 2), (15, 1), (34, 1), (13, 7), (13, 6), (31, 1), (31, 1), (13, 1), (26, 1)]",12.0
32,6,"min(v2 * 30 + (v5 + (v4 + v3 * 4)), v3) + v7 <= (v2 * 30 + ((v3 * 4 + v4) + v5)) + v7","Any[(34, 1), (15, 2), (15, 1), (34, 1), (13, 10), (13, 9), (31, 1), (31, 1), (13, 1), (26, 1)]",12.0
32,7,1,"Any[(24, 1)]",38.0
32,8,v7 + v3 <= (v2 * 60 + ((v4 + v3 * 8) + v5)) + v7,"Any[(34, 1), (15, 2), (15, 1), (34, 1), (13, 7), (13, 6), (31, 1), (31, 1), (13, 1), (26, 1)]",12.0
32,9,"min(v2 * 60 + (v5 + (v4 + v3 * 8)), v3) + v7 <= (v2 * 60 + ((v3 * 8 + v4) + v5)) + v7","Any[(34, 1), (15, 2), (15, 1), (34, 1), (13, 10), (13, 9), (31, 1), (31, 1), (13, 1), (26, 1)]",12.0
32,10,1,"Any[(24, 1)]",42.0
33,1,1,"Any[(24, 1)]",6.0
33,2,112 <= (v0 + 112) - v0,"Any[(13, 1), (34, 1), (17, 1), (10, 1), (11, 1), (44, 1)]",12.0
33,3,1,"Any[(33, 1), (17, 1), (35, 1), (33, 1), (10, 1), (11, 1), (44, 1), (35, 1), (24, 1)]",18.0
33,4,1,"Any[(24, 1)]",38.0
33,5,v7 + v3 <= (v2 * 30 + ((v4 + v3 * 4) + v5)) + v7,"Any[(34, 1), (15, 2), (15, 1), (34, 1), (13, 7), (13, 6), (31, 1), (31, 1), (13, 1), (26, 1)]",12.0
33,6,"min(v2 * 30 + (v5 + (v4 + v3 * 4)), v3) + v7 <= (v2 * 30 + ((v3 * 4 + v4) + v5)) + v7","Any[(34, 1), (15, 2), (15, 1), (34, 1), (13, 10), (13, 9), (31, 1), (31, 1), (13, 1), (26, 1)]",12.0
33,7,1,"Any[(24, 1)]",38.0
33,8,v7 + v3 <= (v2 * 60 + ((v4 + v3 * 8) + v5)) + v7,"Any[(34, 1), (15, 2), (15, 1), (34, 1), (13, 7), (13, 6), (31, 1), (31, 1), (13, 1), (26, 1)]",12.0
33,9,"min(v2 * 60 + (v5 + (v4 + v3 * 8)), v3) + v7 <= (v2 * 60 + ((v3 * 8 + v4) + v5)) + v7","Any[(34, 1), (15, 2), (15, 1), (34, 1), (13, 10), (13, 9), (31, 1), (31, 1), (13, 1), (26, 1)]",12.0
33,10,1,"Any[(24, 1)]",42.0
34,1,1,"Any[(24, 1)]",6.0
34,2,112 <= (v0 + 112) - v0,"Any[(13, 1), (34, 1), (17, 1), (10, 1), (11, 1), (44, 1)]",12.0
34,3,1,"Any[(33, 1), (17, 1), (35, 1), (33, 1), (10, 1), (11, 1), (44, 1), (35, 1), (24, 1)]",18.0
34,4,1,"Any[(24, 1)]",38.0
34,5,v7 + v3 <= (v2 * 30 + ((v4 + v3 * 4) + v5)) + v7,"Any[(34, 1), (15, 2), (15, 1), (34, 1), (13, 7), (13, 6), (31, 1), (31, 1), (13, 1), (26, 1)]",12.0
34,6,"min(v2 * 30 + (v5 + (v4 + v3 * 4)), v3) + v7 <= (v2 * 30 + ((v3 * 4 + v4) + v5)) + v7","Any[(34, 1), (15, 2), (15, 1), (34, 1), (13, 10), (13, 9), (31, 1), (31, 1), (13, 1), (26, 1)]",12.0
34,7,1,"Any[(24, 1)]",38.0
34,8,v7 + v3 <= (v2 * 60 + ((v4 + v3 * 8) + v5)) + v7,"Any[(34, 1), (15, 2), (15, 1), (34, 1), (13, 7), (13, 6), (31, 1), (31, 1), (13, 1), (26, 1)]",12.0
34,9,"min(v2 * 60 + (v5 + (v4 + v3 * 8)), v3) + v7 <= (v2 * 60 + ((v3 * 8 + v4) + v5)) + v7","Any[(34, 1), (15, 2), (15, 1), (34, 1), (13, 10), (13, 9), (31, 1), (31, 1), (13, 1), (26, 1)]",12.0
34,10,1,"Any[(24, 1)]",42.0
35,1,1,"Any[(24, 1)]",6.0
35,2,112 <= (v0 + 112) - v0,"Any[(13, 1), (34, 1), (17, 1), (10, 1), (11, 1), (44, 1)]",12.0
35,3,1,"Any[(33, 1), (17, 1), (35, 1), (33, 1), (10, 1), (11, 1), (44, 1), (35, 1), (24, 1)]",18.0
35,4,1,"Any[(24, 1)]",38.0
35,5,v7 + v3 <= (v2 * 30 + ((v4 + v3 * 4) + v5)) + v7,"Any[(34, 1), (15, 2), (15, 1), (34, 1), (13, 7), (13, 6), (31, 1), (31, 1), (13, 1), (26, 1)]",12.0
35,6,"min(v2 * 30 + (v5 + (v4 + v3 * 4)), v3) + v7 <= (v2 * 30 + ((v3 * 4 + v4) + v5)) + v7","Any[(34, 1), (15, 2), (15, 1), (34, 1), (13, 10), (13, 9), (31, 1), (31, 1), (13, 1), (26, 1)]",12.0
35,7,1,"Any[(24, 1)]",38.0
35,8,v7 + v3 <= (v2 * 60 + ((v4 + v3 * 8) + v5)) + v7,"Any[(34, 1), (15, 2), (15, 1), (34, 1), (13, 7), (13, 6), (31, 1), (31, 1), (13, 1), (26, 1)]",12.0
35,9,"min(v2 * 60 + (v5 + (v4 + v3 * 8)), v3) + v7 <= (v2 * 60 + ((v3 * 8 + v4) + v5)) + v7","Any[(34, 1), (15, 2), (15, 1), (34, 1), (13, 10), (13, 9), (31, 1), (31, 1), (13, 1), (26, 1)]",12.0
35,10,1,"Any[(24, 1)]",42.0
36,1,1,"Any[(24, 1)]",6.0
36,2,112 <= (v0 + 112) - v0,"Any[(13, 1), (34, 1), (17, 1), (10, 1), (11, 1), (44, 1)]",12.0
36,3,1,"Any[(33, 1), (17, 1), (35, 1), (33, 1), (10, 1), (11, 1), (44, 1), (35, 1), (24, 1)]",18.0
36,4,1,"Any[(24, 1)]",38.0
36,5,v7 + v3 <= (v2 * 30 + ((v4 + v3 * 4) + v5)) + v7,"Any[(34, 1), (15, 2), (15, 1), (34, 1), (13, 7), (13, 6), (31, 1), (31, 1), (13, 1), (26, 1)]",12.0
36,6,"min(v2 * 30 + (v5 + (v4 + v3 * 4)), v3) + v7 <= (v2 * 30 + ((v3 * 4 + v4) + v5)) + v7","Any[(34, 1), (15, 2), (15, 1), (34, 1), (13, 10), (13, 9), (31, 1), (31, 1), (13, 1), (26, 1)]",12.0
36,7,1,"Any[(24, 1)]",38.0
36,8,v7 + v3 <= (v2 * 60 + ((v4 + v3 * 8) + v5)) + v7,"Any[(34, 1), (15, 2), (15, 1), (34, 1), (13, 7), (13, 6), (31, 1), (31, 1), (13, 1), (26, 1)]",12.0
36,9,"min(v2 * 60 + (v5 + (v4 + v3 * 8)), v3) + v7 <= (v2 * 60 + ((v3 * 8 + v4) + v5)) + v7","Any[(34, 1), (15, 2), (15, 1), (34, 1), (13, 10), (13, 9), (31, 1), (31, 1), (13, 1), (26, 1)]",12.0
36,10,1,"Any[(24, 1)]",42.0
37,1,1,"Any[(24, 1)]",6.0
37,2,112 <= (v0 + 112) - v0,"Any[(13, 1), (34, 1), (17, 1), (10, 1), (11, 1), (44, 1)]",12.0
37,3,1,"Any[(33, 1), (17, 1), (35, 1), (33, 1), (10, 1), (11, 1), (44, 1), (35, 1), (24, 1)]",18.0
37,4,1,"Any[(24, 1)]",38.0
37,5,v7 + v3 <= (v2 * 30 + ((v4 + v3 * 4) + v5)) + v7,"Any[(34, 1), (15, 2), (15, 1), (34, 1), (13, 7), (13, 6), (31, 1), (31, 1), (13, 1), (26, 1)]",12.0
37,6,"min(v2 * 30 + (v5 + (v4 + v3 * 4)), v3) + v7 <= (v2 * 30 + ((v3 * 4 + v4) + v5)) + v7","Any[(34, 1), (15, 2), (15, 1), (34, 1), (13, 10), (13, 9), (31, 1), (31, 1), (13, 1), (26, 1)]",12.0
37,7,1,"Any[(24, 1)]",38.0
37,8,v7 + v3 <= (v2 * 60 + ((v4 + v3 * 8) + v5)) + v7,"Any[(34, 1), (15, 2), (15, 1), (34, 1), (13, 7), (13, 6), (31, 1), (31, 1), (13, 1), (26, 1)]",12.0
37,9,"min(v2 * 60 + (v5 + (v4 + v3 * 8)), v3) + v7 <= (v2 * 60 + ((v3 * 8 + v4) + v5)) + v7","Any[(34, 1), (15, 2), (15, 1), (34, 1), (13, 10), (13, 9), (31, 1), (31, 1), (13, 1), (26, 1)]",12.0
37,10,1,"Any[(24, 1)]",42.0
38,1,1,"Any[(24, 1)]",6.0
38,2,112 <= (v0 + 112) - v0,"Any[(13, 1), (34, 1), (17, 1), (10, 1), (11, 1), (44, 1)]",12.0
38,3,1,"Any[(33, 1), (17, 1), (35, 1), (33, 1), (10, 1), (11, 1), (44, 1), (35, 1), (24, 1)]",18.0
38,4,1,"Any[(24, 1)]",38.0
38,5,v7 + v3 <= (v2 * 30 + ((v4 + v3 * 4) + v5)) + v7,"Any[(34, 1), (15, 2), (15, 1), (34, 1), (13, 7), (13, 6), (31, 1), (31, 1), (13, 1), (26, 1)]",12.0
38,6,"min(v2 * 30 + (v5 + (v4 + v3 * 4)), v3) + v7 <= (v2 * 30 + ((v3 * 4 + v4) + v5)) + v7","Any[(34, 1), (15, 2), (15, 1), (34, 1), (13, 10), (13, 9), (31, 1), (31, 1), (13, 1), (26, 1)]",12.0
38,7,1,"Any[(24, 1)]",38.0
38,8,v7 + v3 <= (v2 * 60 + ((v4 + v3 * 8) + v5)) + v7,"Any[(34, 1), (15, 2), (15, 1), (34, 1), (13, 7), (13, 6), (31, 1), (31, 1), (13, 1), (26, 1)]",12.0
38,9,"min(v2 * 60 + (v5 + (v4 + v3 * 8)), v3) + v7 <= (v2 * 60 + ((v3 * 8 + v4) + v5)) + v7","Any[(34, 1), (15, 2), (15, 1), (34, 1), (13, 10), (13, 9), (31, 1), (31, 1), (13, 1), (26, 1)]",12.0
38,10,1,"Any[(24, 1)]",42.0
39,1,1,"Any[(24, 1)]",6.0
39,2,112 <= (v0 + 112) - v0,"Any[(13, 1), (34, 1), (17, 1), (10, 1), (11, 1), (44, 1)]",12.0
39,3,1,"Any[(33, 1), (17, 1), (35, 1), (33, 1), (10, 1), (11, 1), (44, 1), (35, 1), (24, 1)]",18.0
39,4,1,"Any[(24, 1)]",38.0
39,5,v7 + v3 <= (v2 * 30 + ((v4 + v3 * 4) + v5)) + v7,"Any[(34, 1), (15, 2), (15, 1), (34, 1), (13, 7), (13, 6), (31, 1), (31, 1), (13, 1), (26, 1)]",12.0
39,6,"min(v2 * 30 + (v5 + (v4 + v3 * 4)), v3) + v7 <= (v2 * 30 + ((v3 * 4 + v4) + v5)) + v7","Any[(34, 1), (15, 2), (15, 1), (34, 1), (13, 10), (13, 9), (31, 1), (31, 1), (13, 1), (26, 1)]",12.0
39,7,1,"Any[(24, 1)]",38.0
39,8,v7 + v3 <= (v2 * 60 + ((v4 + v3 * 8) + v5)) + v7,"Any[(34, 1), (15, 2), (15, 1), (34, 1), (13, 7), (13, 6), (31, 1), (31, 1), (13, 1), (26, 1)]",12.0
39,9,"min(v2 * 60 + (v5 + (v4 + v3 * 8)), v3) + v7 <= (v2 * 60 + ((v3 * 8 + v4) + v5)) + v7","Any[(34, 1), (15, 2), (15, 1), (34, 1), (13, 10), (13, 9), (31, 1), (31, 1), (13, 1), (26, 1)]",12.0
39,10,1,"Any[(24, 1)]",42.0
40,1,1,"Any[(24, 1)]",6.0
40,2,112 <= (v0 + 112) - v0,"Any[(13, 1), (34, 1), (17, 1), (10, 1), (11, 1), (44, 1)]",12.0
40,3,1,"Any[(33, 1), (17, 1), (35, 1), (33, 1), (10, 1), (11, 1), (44, 1), (35, 1), (24, 1)]",18.0
40,4,1,"Any[(24, 1)]",38.0
40,5,v7 + v3 <= (v2 * 30 + ((v4 + v3 * 4) + v5)) + v7,"Any[(34, 1), (15, 2), (15, 1), (34, 1), (13, 7), (13, 6), (31, 1), (31, 1), (13, 1), (26, 1)]",12.0
40,6,"min(v2 * 30 + (v5 + (v4 + v3 * 4)), v3) + v7 <= (v2 * 30 + ((v3 * 4 + v4) + v5)) + v7","Any[(34, 1), (15, 2), (15, 1), (34, 1), (13, 10), (13, 9), (31, 1), (31, 1), (13, 1), (26, 1)]",12.0
40,7,1,"Any[(24, 1)]",38.0
40,8,v7 + v3 <= (v2 * 60 + ((v4 + v3 * 8) + v5)) + v7,"Any[(34, 1), (15, 2), (15, 1), (34, 1), (13, 7), (13, 6), (31, 1), (31, 1), (13, 1), (26, 1)]",12.0
40,9,"min(v2 * 60 + (v5 + (v4 + v3 * 8)), v3) + v7 <= (v2 * 60 + ((v3 * 8 + v4) + v5)) + v7","Any[(34, 1), (15, 2), (15, 1), (34, 1), (13, 10), (13, 9), (31, 1), (31, 1), (13, 1), (26, 1)]",12.0
40,10,1,"Any[(24, 1)]",42.0
41,1,1,"Any[(24, 1)]",6.0
41,2,112 <= (v0 + 112) - v0,"Any[(13, 1), (34, 1), (17, 1), (10, 1), (11, 1), (44, 1)]",12.0
41,3,1,"Any[(33, 1), (17, 1), (35, 1), (33, 1), (10, 1), (11, 1), (44, 1), (35, 1), (24, 1)]",18.0
41,4,1,"Any[(24, 1)]",38.0
41,5,v7 + v3 <= (v2 * 30 + ((v4 + v3 * 4) + v5)) + v7,"Any[(34, 1), (15, 2), (15, 1), (34, 1), (13, 7), (13, 6), (31, 1), (31, 1), (13, 1), (26, 1)]",12.0
41,6,"min(v2 * 30 + (v5 + (v4 + v3 * 4)), v3) + v7 <= (v2 * 30 + ((v3 * 4 + v4) + v5)) + v7","Any[(34, 1), (15, 2), (15, 1), (34, 1), (13, 10), (13, 9), (31, 1), (31, 1), (13, 1), (26, 1)]",12.0
41,7,1,"Any[(24, 1)]",38.0
41,8,v7 + v3 <= (v2 * 60 + ((v4 + v3 * 8) + v5)) + v7,"Any[(34, 1), (15, 2), (15, 1), (34, 1), (13, 7), (13, 6), (31, 1), (31, 1), (13, 1), (26, 1)]",12.0
41,9,"min(v2 * 60 + (v5 + (v4 + v3 * 8)), v3) + v7 <= (v2 * 60 + ((v3 * 8 + v4) + v5)) + v7","Any[(34, 1), (15, 2), (15, 1), (34, 1), (13, 10), (13, 9), (31, 1), (31, 1), (13, 1), (26, 1)]",12.0
41,10,1,"Any[(24, 1)]",42.0
42,1,1,"Any[(24, 1)]",6.0
42,2,112 <= (v0 + 112) - v0,"Any[(13, 1), (34, 1), (17, 1), (10, 1), (11, 1), (44, 1)]",12.0
42,3,1,"Any[(33, 1), (17, 1), (35, 1), (33, 1), (10, 1), (11, 1), (44, 1), (35, 1), (24, 1)]",18.0
42,4,1,"Any[(24, 1)]",38.0
42,5,v7 + v3 <= (v2 * 30 + ((v4 + v3 * 4) + v5)) + v7,"Any[(34, 1), (15, 2), (15, 1), (34, 1), (13, 7), (13, 6), (31, 1), (31, 1), (13, 1), (26, 1)]",12.0
42,6,"min(v2 * 30 + (v5 + (v4 + v3 * 4)), v3) + v7 <= (v2 * 30 + ((v3 * 4 + v4) + v5)) + v7","Any[(34, 1), (15, 2), (15, 1), (34, 1), (13, 10), (13, 9), (31, 1), (31, 1), (13, 1), (26, 1)]",12.0
42,7,1,"Any[(24, 1)]",38.0
42,8,v7 + v3 <= (v2 * 60 + ((v4 + v3 * 8) + v5)) + v7,"Any[(34, 1), (15, 2), (15, 1), (34, 1), (13, 7), (13, 6), (31, 1), (31, 1), (13, 1), (26, 1)]",12.0
42,9,"min(v2 * 60 + (v5 + (v4 + v3 * 8)), v3) + v7 <= (v2 * 60 + ((v3 * 8 + v4) + v5)) + v7","Any[(34, 1), (15, 2), (15, 1), (34, 1), (13, 10), (13, 9), (31, 1), (31, 1), (13, 1), (26, 1)]",12.0
42,10,1,"Any[(24, 1)]",42.0
43,1,1,"Any[(24, 1)]",6.0
43,2,112 <= (v0 + 112) - v0,"Any[(13, 1), (34, 1), (17, 1), (10, 1), (11, 1), (44, 1)]",12.0
43,3,1,"Any[(33, 1), (17, 1), (35, 1), (33, 1), (10, 1), (11, 1), (44, 1), (35, 1), (24, 1)]",18.0
43,4,1,"Any[(24, 1)]",38.0
43,5,v7 + v3 <= (v2 * 30 + ((v4 + v3 * 4) + v5)) + v7,"Any[(34, 1), (15, 2), (15, 1), (34, 1), (13, 7), (13, 6), (31, 1), (31, 1), (13, 1), (26, 1)]",12.0
43,6,"min(v2 * 30 + (v5 + (v4 + v3 * 4)), v3) + v7 <= (v2 * 30 + ((v3 * 4 + v4) + v5)) + v7","Any[(34, 1), (15, 2), (15, 1), (34, 1), (13, 10), (13, 9), (31, 1), (31, 1), (13, 1), (26, 1)]",12.0
43,7,1,"Any[(24, 1)]",38.0
43,8,v7 + v3 <= (v2 * 60 + ((v4 + v3 * 8) + v5)) + v7,"Any[(34, 1), (15, 2), (15, 1), (34, 1), (13, 7), (13, 6), (31, 1), (31, 1), (13, 1), (26, 1)]",12.0
43,9,"min(v2 * 60 + (v5 + (v4 + v3 * 8)), v3) + v7 <= (v2 * 60 + ((v3 * 8 + v4) + v5)) + v7","Any[(34, 1), (15, 2), (15, 1), (34, 1), (13, 10), (13, 9), (31, 1), (31, 1), (13, 1), (26, 1)]",12.0
43,10,1,"Any[(24, 1)]",42.0
44,1,1,"Any[(24, 1)]",6.0
44,2,112 <= (v0 + 112) - v0,"Any[(13, 1), (34, 1), (17, 1), (10, 1), (11, 1), (44, 1)]",12.0
44,3,1,"Any[(33, 1), (17, 1), (35, 1), (33, 1), (10, 1), (11, 1), (44, 1), (35, 1), (24, 1)]",18.0
44,4,1,"Any[(24, 1)]",38.0
44,5,v7 + v3 <= (v2 * 30 + ((v4 + v3 * 4) + v5)) + v7,"Any[(34, 1), (15, 2), (15, 1), (34, 1), (13, 7), (13, 6), (31, 1), (31, 1), (13, 1), (26, 1)]",12.0
44,6,"min(v2 * 30 + (v5 + (v4 + v3 * 4)), v3) + v7 <= (v2 * 30 + ((v3 * 4 + v4) + v5)) + v7","Any[(34, 1), (15, 2), (15, 1), (34, 1), (13, 10), (13, 9), (31, 1), (31, 1), (13, 1), (26, 1)]",12.0
44,7,1,"Any[(24, 1)]",38.0
44,8,v7 + v3 <= (v2 * 60 + ((v4 + v3 * 8) + v5)) + v7,"Any[(34, 1), (15, 2), (15, 1), (34, 1), (13, 7), (13, 6), (31, 1), (31, 1), (13, 1), (26, 1)]",12.0
44,9,"min(v2 * 60 + (v5 + (v4 + v3 * 8)), v3) + v7 <= (v2 * 60 + ((v3 * 8 + v4) + v5)) + v7","Any[(34, 1), (15, 2), (15, 1), (34, 1), (13, 10), (13, 9), (31, 1), (31, 1), (13, 1), (26, 1)]",12.0
44,10,1,"Any[(24, 1)]",42.0
45,1,1,"Any[(24, 1)]",6.0
45,2,112 <= (v0 + 112) - v0,"Any[(13, 1), (34, 1), (17, 1), (10, 1), (11, 1), (44, 1)]",12.0
45,3,1,"Any[(33, 1), (17, 1), (35, 1), (33, 1), (10, 1), (11, 1), (44, 1), (35, 1), (24, 1)]",18.0
45,4,1,"Any[(24, 1)]",38.0
45,5,v7 + v3 <= (v2 * 30 + ((v4 + v3 * 4) + v5)) + v7,"Any[(34, 1), (15, 2), (15, 1), (34, 1), (13, 7), (13, 6), (31, 1), (31, 1), (13, 1), (26, 1)]",12.0
45,6,"min(v2 * 30 + (v5 + (v4 + v3 * 4)), v3) + v7 <= (v2 * 30 + ((v3 * 4 + v4) + v5)) + v7","Any[(34, 1), (15, 2), (15, 1), (34, 1), (13, 10), (13, 9), (31, 1), (31, 1), (13, 1), (26, 1)]",12.0
45,7,1,"Any[(24, 1)]",38.0
45,8,v7 + v3 <= (v2 * 60 + ((v4 + v3 * 8) + v5)) + v7,"Any[(34, 1), (15, 2), (15, 1), (34, 1), (13, 7), (13, 6), (31, 1), (31, 1), (13, 1), (26, 1)]",12.0
45,9,"min(v2 * 60 + (v5 + (v4 + v3 * 8)), v3) + v7 <= (v2 * 60 + ((v3 * 8 + v4) + v5)) + v7","Any[(34, 1), (15, 2), (15, 1), (34, 1), (13, 10), (13, 9), (31, 1), (31, 1), (13, 1), (26, 1)]",12.0
45,10,1,"Any[(24, 1)]",42.0
46,1,1,"Any[(24, 1)]",6.0
46,2,112 <= (v0 + 112) - v0,"Any[(13, 1), (34, 1), (17, 1), (10, 1), (11, 1), (44, 1)]",12.0
46,3,1,"Any[(33, 1), (17, 1), (35, 1), (33, 1), (10, 1), (11, 1), (44, 1), (35, 1), (24, 1)]",18.0
46,4,1,"Any[(24, 1)]",38.0
46,5,v7 + v3 <= (v2 * 30 + ((v4 + v3 * 4) + v5)) + v7,"Any[(34, 1), (15, 2), (15, 1), (34, 1), (13, 7), (13, 6), (31, 1), (31, 1), (13, 1), (26, 1)]",12.0
46,6,"min(v2 * 30 + (v5 + (v4 + v3 * 4)), v3) + v7 <= (v2 * 30 + ((v3 * 4 + v4) + v5)) + v7","Any[(34, 1), (15, 2), (15, 1), (34, 1), (13, 10), (13, 9), (31, 1), (31, 1), (13, 1), (26, 1)]",12.0
46,7,1,"Any[(24, 1)]",38.0
46,8,v7 + v3 <= (v2 * 60 + ((v4 + v3 * 8) + v5)) + v7,"Any[(34, 1), (15, 2), (15, 1), (34, 1), (13, 7), (13, 6), (31, 1), (31, 1), (13, 1), (26, 1)]",12.0
46,9,"min(v2 * 60 + (v5 + (v4 + v3 * 8)), v3) + v7 <= (v2 * 60 + ((v3 * 8 + v4) + v5)) + v7","Any[(34, 1), (15, 2), (15, 1), (34, 1), (13, 10), (13, 9), (31, 1), (31, 1), (13, 1), (26, 1)]",12.0
46,10,1,"Any[(24, 1)]",42.0
47,1,1,"Any[(24, 1)]",6.0
47,2,112 <= (v0 + 112) - v0,"Any[(13, 1), (34, 1), (17, 1), (10, 1), (11, 1), (44, 1)]",12.0
47,3,1,"Any[(33, 1), (17, 1), (35, 1), (33, 1), (10, 1), (11, 1), (44, 1), (35, 1), (24, 1)]",18.0
47,4,1,"Any[(24, 1)]",38.0
47,5,v7 + v3 <= (v2 * 30 + ((v4 + v3 * 4) + v5)) + v7,"Any[(34, 1), (15, 2), (15, 1), (34, 1), (13, 7), (13, 6), (31, 1), (31, 1), (13, 1), (26, 1)]",12.0
47,6,"min(v2 * 30 + (v5 + (v4 + v3 * 4)), v3) + v7 <= (v2 * 30 + ((v3 * 4 + v4) + v5)) + v7","Any[(34, 1), (15, 2), (15, 1), (34, 1), (13, 10), (13, 9), (31, 1), (31, 1), (13, 1), (26, 1)]",12.0
47,7,1,"Any[(24, 1)]",38.0
47,8,v7 + v3 <= (v2 * 60 + ((v4 + v3 * 8) + v5)) + v7,"Any[(34, 1), (15, 2), (15, 1), (34, 1), (13, 7), (13, 6), (31, 1), (31, 1), (13, 1), (26, 1)]",12.0
47,9,"min(v2 * 60 + (v5 + (v4 + v3 * 8)), v3) + v7 <= (v2 * 60 + ((v3 * 8 + v4) + v5)) + v7","Any[(34, 1), (15, 2), (15, 1), (34, 1), (13, 10), (13, 9), (31, 1), (31, 1), (13, 1), (26, 1)]",12.0
47,10,1,"Any[(24, 1)]",42.0
48,1,1,"Any[(24, 1)]",6.0
48,2,112 <= (v0 + 112) - v0,"Any[(13, 1), (34, 1), (17, 1), (10, 1), (11, 1), (44, 1)]",12.0
48,3,1,"Any[(33, 1), (17, 1), (35, 1), (33, 1), (10, 1), (11, 1), (44, 1), (35, 1), (24, 1)]",18.0
48,4,1,"Any[(24, 1)]",38.0
48,5,v7 + v3 <= (v2 * 30 + ((v4 + v3 * 4) + v5)) + v7,"Any[(34, 1), (15, 2), (15, 1), (34, 1), (13, 7), (13, 6), (31, 1), (31, 1), (13, 1), (26, 1)]",12.0
48,6,"min(v2 * 30 + (v5 + (v4 + v3 * 4)), v3) + v7 <= (v2 * 30 + ((v3 * 4 + v4) + v5)) + v7","Any[(34, 1), (15, 2), (15, 1), (34, 1), (13, 10), (13, 9), (31, 1), (31, 1), (13, 1), (26, 1)]",12.0
48,7,1,"Any[(24, 1)]",38.0
48,8,v7 + v3 <= (v2 * 60 + ((v4 + v3 * 8) + v5)) + v7,"Any[(34, 1), (15, 2), (15, 1), (34, 1), (13, 7), (13, 6), (31, 1), (31, 1), (13, 1), (26, 1)]",12.0
48,9,"min(v2 * 60 + (v5 + (v4 + v3 * 8)), v3) + v7 <= (v2 * 60 + ((v3 * 8 + v4) + v5)) + v7","Any[(34, 1), (15, 2), (15, 1), (34, 1), (13, 10), (13, 9), (31, 1), (31, 1), (13, 1), (26, 1)]",12.0
48,10,1,"Any[(24, 1)]",42.0
49,1,1,"Any[(24, 1)]",6.0
49,2,112 <= (v0 + 112) - v0,"Any[(13, 1), (34, 1), (17, 1), (10, 1), (11, 1), (44, 1)]",12.0
49,3,1,"Any[(33, 1), (17, 1), (35, 1), (33, 1), (10, 1), (11, 1), (44, 1), (35, 1), (24, 1)]",18.0
49,4,1,"Any[(24, 1)]",38.0
49,5,v7 + v3 <= (v2 * 30 + ((v4 + v3 * 4) + v5)) + v7,"Any[(34, 1), (15, 2), (15, 1), (34, 1), (13, 7), (13, 6), (31, 1), (31, 1), (13, 1), (26, 1)]",12.0
49,6,"min(v2 * 30 + (v5 + (v4 + v3 * 4)), v3) + v7 <= (v2 * 30 + ((v3 * 4 + v4) + v5)) + v7","Any[(34, 1), (15, 2), (15, 1), (34, 1), (13, 10), (13, 9), (31, 1), (31, 1), (13, 1), (26, 1)]",12.0
49,7,1,"Any[(24, 1)]",38.0
49,8,v7 + v3 <= (v2 * 60 + ((v4 + v3 * 8) + v5)) + v7,"Any[(34, 1), (15, 2), (15, 1), (34, 1), (13, 7), (13, 6), (31, 1), (31, 1), (13, 1), (26, 1)]",12.0
49,9,"min(v2 * 60 + (v5 + (v4 + v3 * 8)), v3) + v7 <= (v2 * 60 + ((v3 * 8 + v4) + v5)) + v7","Any[(34, 1), (15, 2), (15, 1), (34, 1), (13, 10), (13, 9), (31, 1), (31, 1), (13, 1), (26, 1)]",12.0
49,10,1,"Any[(24, 1)]",42.0
50,1,1,"Any[(24, 1)]",6.0
50,2,112 <= (v0 + 112) - v0,"Any[(13, 1), (34, 1), (17, 1), (10, 1), (11, 1), (44, 1)]",12.0
50,3,1,"Any[(33, 1), (17, 1), (35, 1), (33, 1), (10, 1), (11, 1), (44, 1), (35, 1), (24, 1)]",18.0
50,4,1,"Any[(24, 1)]",38.0
50,5,v7 + v3 <= (v2 * 30 + ((v4 + v3 * 4) + v5)) + v7,"Any[(34, 1), (15, 2), (15, 1), (34, 1), (13, 7), (13, 6), (31, 1), (31, 1), (13, 1), (26, 1)]",12.0
50,6,"min(v2 * 30 + (v5 + (v4 + v3 * 4)), v3) + v7 <= (v2 * 30 + ((v3 * 4 + v4) + v5)) + v7","Any[(34, 1), (15, 2), (15, 1), (34, 1), (13, 10), (13, 9), (31, 1), (31, 1), (13, 1), (26, 1)]",12.0
50,7,1,"Any[(24, 1)]",38.0
50,8,v7 + v3 <= (v2 * 60 + ((v4 + v3 * 8) + v5)) + v7,"Any[(34, 1), (15, 2), (15, 1), (34, 1), (13, 7), (13, 6), (31, 1), (31, 1), (13, 1), (26, 1)]",12.0
50,9,"min(v2 * 60 + (v5 + (v4 + v3 * 8)), v3) + v7 <= (v2 * 60 + ((v3 * 8 + v4) + v5)) + v7","Any[(34, 1), (15, 2), (15, 1), (34, 1), (13, 10), (13, 9), (31, 1), (31, 1), (13, 1), (26, 1)]",12.0
50,10,1,"Any[(24, 1)]",42.0
51,1,1,"Any[(24, 1)]",6.0
51,2,112 <= (v0 + 112) - v0,"Any[(13, 1), (34, 1), (17, 1), (10, 1), (11, 1), (44, 1)]",12.0
51,3,1,"Any[(33, 1), (17, 1), (35, 1), (33, 1), (10, 1), (11, 1), (44, 1), (35, 1), (24, 1)]",18.0
51,4,1,"Any[(24, 1)]",38.0
51,5,v7 + v3 <= (v2 * 30 + ((v4 + v3 * 4) + v5)) + v7,"Any[(34, 1), (15, 2), (15, 1), (34, 1), (13, 7), (13, 6), (31, 1), (31, 1), (13, 1), (26, 1)]",12.0
51,6,"min(v2 * 30 + (v5 + (v4 + v3 * 4)), v3) + v7 <= (v2 * 30 + ((v3 * 4 + v4) + v5)) + v7","Any[(34, 1), (15, 2), (15, 1), (34, 1), (13, 10), (13, 9), (31, 1), (31, 1), (13, 1), (26, 1)]",12.0
51,7,1,"Any[(24, 1)]",38.0
51,8,v7 + v3 <= (v2 * 60 + ((v4 + v3 * 8) + v5)) + v7,"Any[(34, 1), (15, 2), (15, 1), (34, 1), (13, 7), (13, 6), (31, 1), (31, 1), (13, 1), (26, 1)]",12.0
51,9,"min(v2 * 60 + (v5 + (v4 + v3 * 8)), v3) + v7 <= (v2 * 60 + ((v3 * 8 + v4) + v5)) + v7","Any[(34, 1), (15, 2), (15, 1), (34, 1), (13, 10), (13, 9), (31, 1), (31, 1), (13, 1), (26, 1)]",12.0
51,10,1,"Any[(24, 1)]",42.0
52,1,1,"Any[(24, 1)]",6.0
52,2,112 <= (v0 + 112) - v0,"Any[(13, 1), (34, 1), (17, 1), (10, 1), (11, 1), (44, 1)]",12.0
52,3,1,"Any[(33, 1), (17, 1), (35, 1), (33, 1), (10, 1), (11, 1), (44, 1), (35, 1), (24, 1)]",18.0
52,4,1,"Any[(24, 1)]",38.0
52,5,v7 + v3 <= (v2 * 30 + ((v4 + v3 * 4) + v5)) + v7,"Any[(34, 1), (15, 2), (15, 1), (34, 1), (13, 7), (13, 6), (31, 1), (31, 1), (13, 1), (26, 1)]",12.0
52,6,"min(v2 * 30 + (v5 + (v4 + v3 * 4)), v3) + v7 <= (v2 * 30 + ((v3 * 4 + v4) + v5)) + v7","Any[(34, 1), (15, 2), (15, 1), (34, 1), (13, 10), (13, 9), (31, 1), (31, 1), (13, 1), (26, 1)]",12.0
52,7,1,"Any[(24, 1)]",38.0
52,8,v7 + v3 <= (v2 * 60 + ((v4 + v3 * 8) + v5)) + v7,"Any[(34, 1), (15, 2), (15, 1), (34, 1), (13, 7), (13, 6), (31, 1), (31, 1), (13, 1), (26, 1)]",12.0
52,9,"min(v2 * 60 + (v5 + (v4 + v3 * 8)), v3) + v7 <= (v2 * 60 + ((v3 * 8 + v4) + v5)) + v7","Any[(34, 1), (15, 2), (15, 1), (34, 1), (13, 10), (13, 9), (31, 1), (31, 1), (13, 1), (26, 1)]",12.0
52,10,1,"Any[(24, 1)]",42.0
53,1,1,"Any[(24, 1)]",6.0
53,2,112 <= (v0 + 112) - v0,"Any[(13, 1), (34, 1), (17, 1), (10, 1), (11, 1), (44, 1)]",12.0
53,3,1,"Any[(33, 1), (17, 1), (35, 1), (33, 1), (10, 1), (11, 1), (44, 1), (35, 1), (24, 1)]",18.0
53,4,1,"Any[(24, 1)]",38.0
53,5,v7 + v3 <= (v2 * 30 + ((v4 + v3 * 4) + v5)) + v7,"Any[(34, 1), (15, 2), (15, 1), (34, 1), (13, 7), (13, 6), (31, 1), (31, 1), (13, 1), (26, 1)]",12.0
53,6,"min(v2 * 30 + (v5 + (v4 + v3 * 4)), v3) + v7 <= (v2 * 30 + ((v3 * 4 + v4) + v5)) + v7","Any[(34, 1), (15, 2), (15, 1), (34, 1), (13, 10), (13, 9), (31, 1), (31, 1), (13, 1), (26, 1)]",12.0
53,7,1,"Any[(24, 1)]",38.0
53,8,v7 + v3 <= (v2 * 60 + ((v4 + v3 * 8) + v5)) + v7,"Any[(34, 1), (15, 2), (15, 1), (34, 1), (13, 7), (13, 6), (31, 1), (31, 1), (13, 1), (26, 1)]",12.0
53,9,"min(v2 * 60 + (v5 + (v4 + v3 * 8)), v3) + v7 <= (v2 * 60 + ((v3 * 8 + v4) + v5)) + v7","Any[(34, 1), (15, 2), (15, 1), (34, 1), (13, 10), (13, 9), (31, 1), (31, 1), (13, 1), (26, 1)]",12.0
53,10,1,"Any[(24, 1)]",42.0
54,1,1,"Any[(24, 1)]",6.0
54,2,112 <= (v0 + 112) - v0,"Any[(13, 1), (34, 1), (17, 1), (10, 1), (11, 1), (44, 1)]",12.0
54,3,1,"Any[(33, 1), (17, 1), (35, 1), (33, 1), (10, 1), (11, 1), (44, 1), (35, 1), (24, 1)]",18.0
54,4,1,"Any[(24, 1)]",38.0
54,5,v7 + v3 <= (v2 * 30 + ((v4 + v3 * 4) + v5)) + v7,"Any[(34, 1), (15, 2), (15, 1), (34, 1), (13, 7), (13, 6), (31, 1), (31, 1), (13, 1), (26, 1)]",12.0
54,6,"min(v2 * 30 + (v5 + (v4 + v3 * 4)), v3) + v7 <= (v2 * 30 + ((v3 * 4 + v4) + v5)) + v7","Any[(34, 1), (15, 2), (15, 1), (34, 1), (13, 10), (13, 9), (31, 1), (31, 1), (13, 1), (26, 1)]",12.0
54,7,1,"Any[(24, 1)]",38.0
54,8,v7 + v3 <= (v2 * 60 + ((v4 + v3 * 8) + v5)) + v7,"Any[(34, 1), (15, 2), (15, 1), (34, 1), (13, 7), (13, 6), (31, 1), (31, 1), (13, 1), (26, 1)]",12.0
54,9,"min(v2 * 60 + (v5 + (v4 + v3 * 8)), v3) + v7 <= (v2 * 60 + ((v3 * 8 + v4) + v5)) + v7","Any[(34, 1), (15, 2), (15, 1), (34, 1), (13, 10), (13, 9), (31, 1), (31, 1), (13, 1), (26, 1)]",12.0
54,10,1,"Any[(24, 1)]",42.0
55,1,1,"Any[(24, 1)]",6.0
55,2,112 <= (v0 + 112) - v0,"Any[(13, 1), (34, 1), (17, 1), (10, 1), (11, 1), (44, 1)]",12.0
55,3,1,"Any[(33, 1), (17, 1), (35, 1), (33, 1), (10, 1), (11, 1), (44, 1), (35, 1), (24, 1)]",18.0
55,4,1,"Any[(24, 1)]",38.0
55,5,v7 + v3 <= (v2 * 30 + ((v4 + v3 * 4) + v5)) + v7,"Any[(34, 1), (15, 2), (15, 1), (34, 1), (13, 7), (13, 6), (31, 1), (31, 1), (13, 1), (26, 1)]",12.0
55,6,"min(v2 * 30 + (v5 + (v4 + v3 * 4)), v3) + v7 <= (v2 * 30 + ((v3 * 4 + v4) + v5)) + v7","Any[(34, 1), (15, 2), (15, 1), (34, 1), (13, 10), (13, 9), (31, 1), (31, 1), (13, 1), (26, 1)]",12.0
55,7,1,"Any[(24, 1)]",38.0
55,8,v7 + v3 <= (v2 * 60 + ((v4 + v3 * 8) + v5)) + v7,"Any[(34, 1), (15, 2), (15, 1), (34, 1), (13, 7), (13, 6), (31, 1), (31, 1), (13, 1), (26, 1)]",12.0
55,9,"min(v2 * 60 + (v5 + (v4 + v3 * 8)), v3) + v7 <= (v2 * 60 + ((v3 * 8 + v4) + v5)) + v7","Any[(34, 1), (15, 2), (15, 1), (34, 1), (13, 10), (13, 9), (31, 1), (31, 1), (13, 1), (26, 1)]",12.0
55,10,1,"Any[(24, 1)]",42.0
56,1,1,"Any[(24, 1)]",6.0
56,2,112 <= (v0 + 112) - v0,"Any[(13, 1), (34, 1), (17, 1), (10, 1), (11, 1), (44, 1)]",12.0
56,3,1,"Any[(33, 1), (17, 1), (35, 1), (33, 1), (10, 1), (11, 1), (44, 1), (35, 1), (24, 1)]",18.0
56,4,1,"Any[(24, 1)]",38.0
56,5,v7 + v3 <= (v2 * 30 + ((v4 + v3 * 4) + v5)) + v7,"Any[(34, 1), (15, 2), (15, 1), (34, 1), (13, 7), (13, 6), (31, 1), (31, 1), (13, 1), (26, 1)]",12.0
56,6,"min(v2 * 30 + (v5 + (v4 + v3 * 4)), v3) + v7 <= (v2 * 30 + ((v3 * 4 + v4) + v5)) + v7","Any[(34, 1), (15, 2), (15, 1), (34, 1), (13, 10), (13, 9), (31, 1), (31, 1), (13, 1), (26, 1)]",12.0
56,7,1,"Any[(24, 1)]",38.0
56,8,v7 + v3 <= (v2 * 60 + ((v4 + v3 * 8) + v5)) + v7,"Any[(34, 1), (15, 2), (15, 1), (34, 1), (13, 7), (13, 6), (31, 1), (31, 1), (13, 1), (26, 1)]",12.0
56,9,"min(v2 * 60 + (v5 + (v4 + v3 * 8)), v3) + v7 <= (v2 * 60 + ((v3 * 8 + v4) + v5)) + v7","Any[(34, 1), (15, 2), (15, 1), (34, 1), (13, 10), (13, 9), (31, 1), (31, 1), (13, 1), (26, 1)]",12.0
56,10,1,"Any[(24, 1)]",42.0
57,1,1,"Any[(24, 1)]",6.0
57,2,112 <= (v0 + 112) - v0,"Any[(13, 1), (34, 1), (17, 1), (10, 1), (11, 1), (44, 1)]",12.0
57,3,1,"Any[(33, 1), (17, 1), (35, 1), (33, 1), (10, 1), (11, 1), (44, 1), (35, 1), (24, 1)]",18.0
57,4,1,"Any[(24, 1)]",38.0
57,5,v7 + v3 <= (v2 * 30 + ((v4 + v3 * 4) + v5)) + v7,"Any[(34, 1), (15, 2), (15, 1), (34, 1), (13, 7), (13, 6), (31, 1), (31, 1), (13, 1), (26, 1)]",12.0
57,6,"min(v2 * 30 + (v5 + (v4 + v3 * 4)), v3) + v7 <= (v2 * 30 + ((v3 * 4 + v4) + v5)) + v7","Any[(34, 1), (15, 2), (15, 1), (34, 1), (13, 10), (13, 9), (31, 1), (31, 1), (13, 1), (26, 1)]",12.0
57,7,1,"Any[(24, 1)]",38.0
57,8,v7 + v3 <= (v2 * 60 + ((v4 + v3 * 8) + v5)) + v7,"Any[(34, 1), (15, 2), (15, 1), (34, 1), (13, 7), (13, 6), (31, 1), (31, 1), (13, 1), (26, 1)]",12.0
57,9,"min(v2 * 60 + (v5 + (v4 + v3 * 8)), v3) + v7 <= (v2 * 60 + ((v3 * 8 + v4) + v5)) + v7","Any[(34, 1), (15, 2), (15, 1), (34, 1), (13, 10), (13, 9), (31, 1), (31, 1), (13, 1), (26, 1)]",12.0
57,10,1,"Any[(24, 1)]",42.0
58,1,1,"Any[(24, 1)]",6.0
58,2,112 <= (v0 + 112) - v0,"Any[(13, 1), (34, 1), (17, 1), (10, 1), (11, 1), (44, 1)]",12.0
58,3,1,"Any[(33, 1), (17, 1), (35, 1), (33, 1), (10, 1), (11, 1), (44, 1), (35, 1), (24, 1)]",18.0
58,4,1,"Any[(24, 1)]",38.0
58,5,v7 + v3 <= (v2 * 30 + ((v4 + v3 * 4) + v5)) + v7,"Any[(34, 1), (15, 2), (15, 1), (34, 1), (13, 7), (13, 6), (31, 1), (31, 1), (13, 1), (26, 1)]",12.0
58,6,"min(v2 * 30 + (v5 + (v4 + v3 * 4)), v3) + v7 <= (v2 * 30 + ((v3 * 4 + v4) + v5)) + v7","Any[(34, 1), (15, 2), (15, 1), (34, 1), (13, 10), (13, 9), (31, 1), (31, 1), (13, 1), (26, 1)]",12.0
58,7,1,"Any[(24, 1)]",38.0
58,8,v7 + v3 <= (v2 * 60 + ((v4 + v3 * 8) + v5)) + v7,"Any[(34, 1), (15, 2), (15, 1), (34, 1), (13, 7), (13, 6), (31, 1), (31, 1), (13, 1), (26, 1)]",12.0
58,9,"min(v2 * 60 + (v5 + (v4 + v3 * 8)), v3) + v7 <= (v2 * 60 + ((v3 * 8 + v4) + v5)) + v7","Any[(34, 1), (15, 2), (15, 1), (34, 1), (13, 10), (13, 9), (31, 1), (31, 1), (13, 1), (26, 1)]",12.0
58,10,1,"Any[(24, 1)]",42.0
59,1,1,"Any[(24, 1)]",6.0
59,2,112 <= (v0 + 112) - v0,"Any[(13, 1), (34, 1), (17, 1), (10, 1), (11, 1), (44, 1)]",12.0
59,3,1,"Any[(33, 1), (17, 1), (35, 1), (33, 1), (10, 1), (11, 1), (44, 1), (35, 1), (24, 1)]",18.0
59,4,1,"Any[(24, 1)]",38.0
59,5,v7 + v3 <= (v2 * 30 + ((v4 + v3 * 4) + v5)) + v7,"Any[(34, 1), (15, 2), (15, 1), (34, 1), (13, 7), (13, 6), (31, 1), (31, 1), (13, 1), (26, 1)]",12.0
59,6,"min(v2 * 30 + (v5 + (v4 + v3 * 4)), v3) + v7 <= (v2 * 30 + ((v3 * 4 + v4) + v5)) + v7","Any[(34, 1), (15, 2), (15, 1), (34, 1), (13, 10), (13, 9), (31, 1), (31, 1), (13, 1), (26, 1)]",12.0
59,7,1,"Any[(24, 1)]",38.0
59,8,v7 + v3 <= (v2 * 60 + ((v4 + v3 * 8) + v5)) + v7,"Any[(34, 1), (15, 2), (15, 1), (34, 1), (13, 7), (13, 6), (31, 1), (31, 1), (13, 1), (26, 1)]",12.0
59,9,"min(v2 * 60 + (v5 + (v4 + v3 * 8)), v3) + v7 <= (v2 * 60 + ((v3 * 8 + v4) + v5)) + v7","Any[(34, 1), (15, 2), (15, 1), (34, 1), (13, 10), (13, 9), (31, 1), (31, 1), (13, 1), (26, 1)]",12.0
59,10,1,"Any[(24, 1)]",42.0
60,1,1,"Any[(24, 1)]",6.0
60,2,112 <= (v0 + 112) - v0,"Any[(13, 1), (34, 1), (17, 1), (10, 1), (11, 1), (44, 1)]",12.0
60,3,1,"Any[(33, 1), (17, 1), (35, 1), (33, 1), (10, 1), (11, 1), (44, 1), (35, 1), (24, 1)]",18.0
60,4,1,"Any[(24, 1)]",38.0
60,5,v7 + v3 <= (v2 * 30 + ((v4 + v3 * 4) + v5)) + v7,"Any[(34, 1), (15, 2), (15, 1), (34, 1), (13, 7), (13, 6), (31, 1), (31, 1), (13, 1), (26, 1)]",12.0
60,6,"min(v2 * 30 + (v5 + (v4 + v3 * 4)), v3) + v7 <= (v2 * 30 + ((v3 * 4 + v4) + v5)) + v7","Any[(34, 1), (15, 2), (15, 1), (34, 1), (13, 10), (13, 9), (31, 1), (31, 1), (13, 1), (26, 1)]",12.0
60,7,1,"Any[(24, 1)]",38.0
60,8,v7 + v3 <= (v2 * 60 + ((v4 + v3 * 8) + v5)) + v7,"Any[(34, 1), (15, 2), (15, 1), (34, 1), (13, 7), (13, 6), (31, 1), (31, 1), (13, 1), (26, 1)]",12.0
60,9,"min(v2 * 60 + (v5 + (v4 + v3 * 8)), v3) + v7 <= (v2 * 60 + ((v3 * 8 + v4) + v5)) + v7","Any[(34, 1), (15, 2), (15, 1), (34, 1), (13, 10), (13, 9), (31, 1), (31, 1), (13, 1), (26, 1)]",12.0
60,10,1,"Any[(24, 1)]",42.0
61,1,1,"Any[(24, 1)]",6.0
61,2,112 <= (v0 + 112) - v0,"Any[(13, 1), (34, 1), (17, 1), (10, 1), (11, 1), (44, 1)]",12.0
61,3,1,"Any[(33, 1), (17, 1), (35, 1), (33, 1), (10, 1), (11, 1), (44, 1), (35, 1), (24, 1)]",18.0
61,4,1,"Any[(24, 1)]",38.0
61,5,v7 + v3 <= (v2 * 30 + ((v4 + v3 * 4) + v5)) + v7,"Any[(34, 1), (15, 2), (15, 1), (34, 1), (13, 7), (13, 6), (31, 1), (31, 1), (13, 1), (26, 1)]",12.0
61,6,"min(v2 * 30 + (v5 + (v4 + v3 * 4)), v3) + v7 <= (v2 * 30 + ((v3 * 4 + v4) + v5)) + v7","Any[(34, 1), (15, 2), (15, 1), (34, 1), (13, 10), (13, 9), (31, 1), (31, 1), (13, 1), (26, 1)]",12.0
61,7,1,"Any[(24, 1)]",38.0
61,8,v7 + v3 <= (v2 * 60 + ((v4 + v3 * 8) + v5)) + v7,"Any[(34, 1), (15, 2), (15, 1), (34, 1), (13, 7), (13, 6), (31, 1), (31, 1), (13, 1), (26, 1)]",12.0
61,9,"min(v2 * 60 + (v5 + (v4 + v3 * 8)), v3) + v7 <= (v2 * 60 + ((v3 * 8 + v4) + v5)) + v7","Any[(34, 1), (15, 2), (15, 1), (34, 1), (13, 10), (13, 9), (31, 1), (31, 1), (13, 1), (26, 1)]",12.0
61,10,1,"Any[(24, 1)]",42.0
62,1,1,"Any[(24, 1)]",6.0
62,2,112 <= (v0 + 112) - v0,"Any[(13, 1), (34, 1), (17, 1), (10, 1), (11, 1), (44, 1)]",12.0
62,3,1,"Any[(33, 1), (17, 1), (35, 1), (33, 1), (10, 1), (11, 1), (44, 1), (35, 1), (24, 1)]",18.0
62,4,1,"Any[(24, 1)]",38.0
62,5,v7 + v3 <= (v2 * 30 + ((v4 + v3 * 4) + v5)) + v7,"Any[(34, 1), (15, 2), (15, 1), (34, 1), (13, 7), (13, 6), (31, 1), (31, 1), (13, 1), (26, 1)]",12.0
62,6,"min(v2 * 30 + (v5 + (v4 + v3 * 4)), v3) + v7 <= (v2 * 30 + ((v3 * 4 + v4) + v5)) + v7","Any[(34, 1), (15, 2), (15, 1), (34, 1), (13, 10), (13, 9), (31, 1), (31, 1), (13, 1), (26, 1)]",12.0
62,7,1,"Any[(24, 1)]",38.0
62,8,v7 + v3 <= (v2 * 60 + ((v4 + v3 * 8) + v5)) + v7,"Any[(34, 1), (15, 2), (15, 1), (34, 1), (13, 7), (13, 6), (31, 1), (31, 1), (13, 1), (26, 1)]",12.0
62,9,"min(v2 * 60 + (v5 + (v4 + v3 * 8)), v3) + v7 <= (v2 * 60 + ((v3 * 8 + v4) + v5)) + v7","Any[(34, 1), (15, 2), (15, 1), (34, 1), (13, 10), (13, 9), (31, 1), (31, 1), (13, 1), (26, 1)]",12.0
62,10,1,"Any[(24, 1)]",42.0
63,1,1,"Any[(24, 1)]",6.0
63,2,112 <= (v0 + 112) - v0,"Any[(13, 1), (34, 1), (17, 1), (10, 1), (11, 1), (44, 1)]",12.0
63,3,1,"Any[(33, 1), (17, 1), (35, 1), (33, 1), (10, 1), (11, 1), (44, 1), (35, 1), (24, 1)]",18.0
63,4,1,"Any[(24, 1)]",38.0
63,5,v7 + v3 <= (v2 * 30 + ((v4 + v3 * 4) + v5)) + v7,"Any[(34, 1), (15, 2), (15, 1), (34, 1), (13, 7), (13, 6), (31, 1), (31, 1), (13, 1), (26, 1)]",12.0
63,6,"min(v2 * 30 + (v5 + (v4 + v3 * 4)), v3) + v7 <= (v2 * 30 + ((v3 * 4 + v4) + v5)) + v7","Any[(34, 1), (15, 2), (15, 1), (34, 1), (13, 10), (13, 9), (31, 1), (31, 1), (13, 1), (26, 1)]",12.0
63,7,1,"Any[(24, 1)]",38.0
63,8,v7 + v3 <= (v2 * 60 + ((v4 + v3 * 8) + v5)) + v7,"Any[(34, 1), (15, 2), (15, 1), (34, 1), (13, 7), (13, 6), (31, 1), (31, 1), (13, 1), (26, 1)]",12.0
63,9,"min(v2 * 60 + (v5 + (v4 + v3 * 8)), v3) + v7 <= (v2 * 60 + ((v3 * 8 + v4) + v5)) + v7","Any[(34, 1), (15, 2), (15, 1), (34, 1), (13, 10), (13, 9), (31, 1), (31, 1), (13, 1), (26, 1)]",12.0
63,10,1,"Any[(24, 1)]",42.0
64,1,1,"Any[(24, 1)]",6.0
64,2,112 <= (v0 + 112) - v0,"Any[(13, 1), (34, 1), (17, 1), (10, 1), (11, 1), (44, 1)]",12.0
64,3,1,"Any[(33, 1), (17, 1), (35, 1), (33, 1), (10, 1), (11, 1), (44, 1), (35, 1), (24, 1)]",18.0
64,4,1,"Any[(24, 1)]",38.0
64,5,v7 + v3 <= (v2 * 30 + ((v4 + v3 * 4) + v5)) + v7,"Any[(34, 1), (15, 2), (15, 1), (34, 1), (13, 7), (13, 6), (31, 1), (31, 1), (13, 1), (26, 1)]",12.0
64,6,"min(v2 * 30 + (v5 + (v4 + v3 * 4)), v3) + v7 <= (v2 * 30 + ((v3 * 4 + v4) + v5)) + v7","Any[(34, 1), (15, 2), (15, 1), (34, 1), (13, 10), (13, 9), (31, 1), (31, 1), (13, 1), (26, 1)]",12.0
64,7,1,"Any[(24, 1)]",38.0
64,8,v7 + v3 <= (v2 * 60 + ((v4 + v3 * 8) + v5)) + v7,"Any[(34, 1), (15, 2), (15, 1), (34, 1), (13, 7), (13, 6), (31, 1), (31, 1), (13, 1), (26, 1)]",12.0
64,9,"min(v2 * 60 + (v5 + (v4 + v3 * 8)), v3) + v7 <= (v2 * 60 + ((v3 * 8 + v4) + v5)) + v7","Any[(34, 1), (15, 2), (15, 1), (34, 1), (13, 10), (13, 9), (31, 1), (31, 1), (13, 1), (26, 1)]",12.0
64,10,1,"Any[(24, 1)]",42.0
65,1,1,"Any[(24, 1)]",6.0
65,2,112 <= (v0 + 112) - v0,"Any[(13, 1), (34, 1), (17, 1), (10, 1), (11, 1), (44, 1)]",12.0
65,3,1,"Any[(33, 1), (17, 1), (35, 1), (33, 1), (10, 1), (11, 1), (44, 1), (35, 1), (24, 1)]",18.0
65,4,1,"Any[(24, 1)]",38.0
65,5,v7 + v3 <= (v2 * 30 + ((v4 + v3 * 4) + v5)) + v7,"Any[(34, 1), (15, 2), (15, 1), (34, 1), (13, 7), (13, 6), (31, 1), (31, 1), (13, 1), (26, 1)]",12.0
65,6,"min(v2 * 30 + (v5 + (v4 + v3 * 4)), v3) + v7 <= (v2 * 30 + ((v3 * 4 + v4) + v5)) + v7","Any[(34, 1), (15, 2), (15, 1), (34, 1), (13, 10), (13, 9), (31, 1), (31, 1), (13, 1), (26, 1)]",12.0
65,7,1,"Any[(24, 1)]",38.0
65,8,v7 + v3 <= (v2 * 60 + ((v4 + v3 * 8) + v5)) + v7,"Any[(34, 1), (15, 2), (15, 1), (34, 1), (13, 7), (13, 6), (31, 1), (31, 1), (13, 1), (26, 1)]",12.0
65,9,"min(v2 * 60 + (v5 + (v4 + v3 * 8)), v3) + v7 <= (v2 * 60 + ((v3 * 8 + v4) + v5)) + v7","Any[(34, 1), (15, 2), (15, 1), (34, 1), (13, 10), (13, 9), (31, 1), (31, 1), (13, 1), (26, 1)]",12.0
65,10,1,"Any[(24, 1)]",42.0
66,1,1,"Any[(24, 1)]",6.0
66,2,112 <= (v0 + 112) - v0,"Any[(13, 1), (34, 1), (17, 1), (10, 1), (11, 1), (44, 1)]",12.0
66,3,1,"Any[(33, 1), (17, 1), (35, 1), (33, 1), (10, 1), (11, 1), (44, 1), (35, 1), (24, 1)]",18.0
66,4,1,"Any[(24, 1)]",38.0
66,5,v7 + v3 <= (v2 * 30 + ((v4 + v3 * 4) + v5)) + v7,"Any[(34, 1), (15, 2), (15, 1), (34, 1), (13, 7), (13, 6), (31, 1), (31, 1), (13, 1), (26, 1)]",12.0
66,6,"min(v2 * 30 + (v5 + (v4 + v3 * 4)), v3) + v7 <= (v2 * 30 + ((v3 * 4 + v4) + v5)) + v7","Any[(34, 1), (15, 2), (15, 1), (34, 1), (13, 10), (13, 9), (31, 1), (31, 1), (13, 1), (26, 1)]",12.0
66,7,1,"Any[(24, 1)]",38.0
66,8,v7 + v3 <= (v2 * 60 + ((v4 + v3 * 8) + v5)) + v7,"Any[(34, 1), (15, 2), (15, 1), (34, 1), (13, 7), (13, 6), (31, 1), (31, 1), (13, 1), (26, 1)]",12.0
66,9,"min(v2 * 60 + (v5 + (v4 + v3 * 8)), v3) + v7 <= (v2 * 60 + ((v3 * 8 + v4) + v5)) + v7","Any[(34, 1), (15, 2), (15, 1), (34, 1), (13, 10), (13, 9), (31, 1), (31, 1), (13, 1), (26, 1)]",12.0
66,10,1,"Any[(24, 1)]",42.0
67,1,1,"Any[(24, 1)]",6.0
67,2,112 <= (v0 + 112) - v0,"Any[(13, 1), (34, 1), (17, 1), (10, 1), (11, 1), (44, 1)]",12.0
67,3,1,"Any[(33, 1), (17, 1), (35, 1), (33, 1), (10, 1), (11, 1), (44, 1), (35, 1), (24, 1)]",18.0
67,4,1,"Any[(24, 1)]",38.0
67,5,v7 + v3 <= (v2 * 30 + ((v4 + v3 * 4) + v5)) + v7,"Any[(34, 1), (15, 2), (15, 1), (34, 1), (13, 7), (13, 6), (31, 1), (31, 1), (13, 1), (26, 1)]",12.0
67,6,"min(v2 * 30 + (v5 + (v4 + v3 * 4)), v3) + v7 <= (v2 * 30 + ((v3 * 4 + v4) + v5)) + v7","Any[(34, 1), (15, 2), (15, 1), (34, 1), (13, 10), (13, 9), (31, 1), (31, 1), (13, 1), (26, 1)]",12.0
67,7,1,"Any[(24, 1)]",38.0
67,8,v7 + v3 <= (v2 * 60 + ((v4 + v3 * 8) + v5)) + v7,"Any[(34, 1), (15, 2), (15, 1), (34, 1), (13, 7), (13, 6), (31, 1), (31, 1), (13, 1), (26, 1)]",12.0
67,9,"min(v2 * 60 + (v5 + (v4 + v3 * 8)), v3) + v7 <= (v2 * 60 + ((v3 * 8 + v4) + v5)) + v7","Any[(34, 1), (15, 2), (15, 1), (34, 1), (13, 10), (13, 9), (31, 1), (31, 1), (13, 1), (26, 1)]",12.0
67,10,1,"Any[(24, 1)]",42.0
68,1,1,"Any[(24, 1)]",6.0
68,2,112 <= (v0 + 112) - v0,"Any[(13, 1), (34, 1), (17, 1), (10, 1), (11, 1), (44, 1)]",12.0
68,3,1,"Any[(33, 1), (17, 1), (35, 1), (33, 1), (10, 1), (11, 1), (44, 1), (35, 1), (24, 1)]",18.0
68,4,1,"Any[(24, 1)]",38.0
68,5,v7 + v3 <= (v2 * 30 + ((v4 + v3 * 4) + v5)) + v7,"Any[(34, 1), (15, 2), (15, 1), (34, 1), (13, 7), (13, 6), (31, 1), (31, 1), (13, 1), (26, 1)]",12.0
68,6,"min(v2 * 30 + (v5 + (v4 + v3 * 4)), v3) + v7 <= (v2 * 30 + ((v3 * 4 + v4) + v5)) + v7","Any[(34, 1), (15, 2), (15, 1), (34, 1), (13, 10), (13, 9), (31, 1), (31, 1), (13, 1), (26, 1)]",12.0
68,7,1,"Any[(24, 1)]",38.0
68,8,v7 + v3 <= (v2 * 60 + ((v4 + v3 * 8) + v5)) + v7,"Any[(34, 1), (15, 2), (15, 1), (34, 1), (13, 7), (13, 6), (31, 1), (31, 1), (13, 1), (26, 1)]",12.0
68,9,"min(v2 * 60 + (v5 + (v4 + v3 * 8)), v3) + v7 <= (v2 * 60 + ((v3 * 8 + v4) + v5)) + v7","Any[(34, 1), (15, 2), (15, 1), (34, 1), (13, 10), (13, 9), (31, 1), (31, 1), (13, 1), (26, 1)]",12.0
68,10,1,"Any[(24, 1)]",42.0
69,1,1,"Any[(24, 1)]",6.0
69,2,112 <= (v0 + 112) - v0,"Any[(13, 1), (34, 1), (17, 1), (10, 1), (11, 1), (44, 1)]",12.0
69,3,1,"Any[(33, 1), (17, 1), (35, 1), (33, 1), (10, 1), (11, 1), (44, 1), (35, 1), (24, 1)]",18.0
69,4,1,"Any[(24, 1)]",38.0
69,5,v7 + v3 <= (v2 * 30 + ((v4 + v3 * 4) + v5)) + v7,"Any[(34, 1), (15, 2), (15, 1), (34, 1), (13, 7), (13, 6), (31, 1), (31, 1), (13, 1), (26, 1)]",12.0
69,6,"min(v2 * 30 + (v5 + (v4 + v3 * 4)), v3) + v7 <= (v2 * 30 + ((v3 * 4 + v4) + v5)) + v7","Any[(34, 1), (15, 2), (15, 1), (34, 1), (13, 10), (13, 9), (31, 1), (31, 1), (13, 1), (26, 1)]",12.0
69,7,1,"Any[(24, 1)]",38.0
69,8,v7 + v3 <= (v2 * 60 + ((v4 + v3 * 8) + v5)) + v7,"Any[(34, 1), (15, 2), (15, 1), (34, 1), (13, 7), (13, 6), (31, 1), (31, 1), (13, 1), (26, 1)]",12.0
69,9,"min(v2 * 60 + (v5 + (v4 + v3 * 8)), v3) + v7 <= (v2 * 60 + ((v3 * 8 + v4) + v5)) + v7","Any[(34, 1), (15, 2), (15, 1), (34, 1), (13, 10), (13, 9), (31, 1), (31, 1), (13, 1), (26, 1)]",12.0
69,10,1,"Any[(24, 1)]",42.0
70,1,1,"Any[(24, 1)]",6.0
70,2,112 <= (v0 + 112) - v0,"Any[(13, 1), (34, 1), (17, 1), (10, 1), (11, 1), (44, 1)]",12.0
70,3,1,"Any[(33, 1), (17, 1), (35, 1), (33, 1), (10, 1), (11, 1), (44, 1), (35, 1), (24, 1)]",18.0
70,4,1,"Any[(24, 1)]",38.0
70,5,v7 + v3 <= (v2 * 30 + ((v4 + v3 * 4) + v5)) + v7,"Any[(34, 1), (15, 2), (15, 1), (34, 1), (13, 7), (13, 6), (31, 1), (31, 1), (13, 1), (26, 1)]",12.0
70,6,"min(v2 * 30 + (v5 + (v4 + v3 * 4)), v3) + v7 <= (v2 * 30 + ((v3 * 4 + v4) + v5)) + v7","Any[(34, 1), (15, 2), (15, 1), (34, 1), (13, 10), (13, 9), (31, 1), (31, 1), (13, 1), (26, 1)]",12.0
70,7,1,"Any[(24, 1)]",38.0
70,8,v7 + v3 <= (v2 * 60 + ((v4 + v3 * 8) + v5)) + v7,"Any[(34, 1), (15, 2), (15, 1), (34, 1), (13, 7), (13, 6), (31, 1), (31, 1), (13, 1), (26, 1)]",12.0
70,9,"min(v2 * 60 + (v5 + (v4 + v3 * 8)), v3) + v7 <= (v2 * 60 + ((v3 * 8 + v4) + v5)) + v7","Any[(34, 1), (15, 2), (15, 1), (34, 1), (13, 10), (13, 9), (31, 1), (31, 1), (13, 1), (26, 1)]",12.0
70,10,1,"Any[(24, 1)]",42.0
71,1,1,"Any[(24, 1)]",6.0
71,2,112 <= (v0 + 112) - v0,"Any[(13, 1), (34, 1), (17, 1), (10, 1), (11, 1), (44, 1)]",12.0
71,3,1,"Any[(33, 1), (17, 1), (35, 1), (33, 1), (10, 1), (11, 1), (44, 1), (35, 1), (24, 1)]",18.0
71,4,1,"Any[(24, 1)]",38.0
71,5,v7 + v3 <= (v2 * 30 + ((v4 + v3 * 4) + v5)) + v7,"Any[(34, 1), (15, 2), (15, 1), (34, 1), (13, 7), (13, 6), (31, 1), (31, 1), (13, 1), (26, 1)]",12.0
71,6,"min(v2 * 30 + (v5 + (v4 + v3 * 4)), v3) + v7 <= (v2 * 30 + ((v3 * 4 + v4) + v5)) + v7","Any[(34, 1), (15, 2), (15, 1), (34, 1), (13, 10), (13, 9), (31, 1), (31, 1), (13, 1), (26, 1)]",12.0
71,7,1,"Any[(24, 1)]",38.0
71,8,v7 + v3 <= (v2 * 60 + ((v4 + v3 * 8) + v5)) + v7,"Any[(34, 1), (15, 2), (15, 1), (34, 1), (13, 7), (13, 6), (31, 1), (31, 1), (13, 1), (26, 1)]",12.0
71,9,"min(v2 * 60 + (v5 + (v4 + v3 * 8)), v3) + v7 <= (v2 * 60 + ((v3 * 8 + v4) + v5)) + v7","Any[(34, 1), (15, 2), (15, 1), (34, 1), (13, 10), (13, 9), (31, 1), (31, 1), (13, 1), (26, 1)]",12.0
71,10,1,"Any[(24, 1)]",42.0
72,1,1,"Any[(24, 1)]",6.0
72,2,112 <= (v0 + 112) - v0,"Any[(13, 1), (34, 1), (17, 1), (10, 1), (11, 1), (44, 1)]",12.0
72,3,1,"Any[(33, 1), (17, 1), (35, 1), (33, 1), (10, 1), (11, 1), (44, 1), (35, 1), (24, 1)]",18.0
72,4,1,"Any[(24, 1)]",38.0
72,5,v7 + v3 <= (v2 * 30 + ((v4 + v3 * 4) + v5)) + v7,"Any[(34, 1), (15, 2), (15, 1), (34, 1), (13, 7), (13, 6), (31, 1), (31, 1), (13, 1), (26, 1)]",12.0
72,6,"min(v2 * 30 + (v5 + (v4 + v3 * 4)), v3) + v7 <= (v2 * 30 + ((v3 * 4 + v4) + v5)) + v7","Any[(34, 1), (15, 2), (15, 1), (34, 1), (13, 10), (13, 9), (31, 1), (31, 1), (13, 1), (26, 1)]",12.0
72,7,1,"Any[(24, 1)]",38.0
72,8,v7 + v3 <= (v2 * 60 + ((v4 + v3 * 8) + v5)) + v7,"Any[(34, 1), (15, 2), (15, 1), (34, 1), (13, 7), (13, 6), (31, 1), (31, 1), (13, 1), (26, 1)]",12.0
72,9,"min(v2 * 60 + (v5 + (v4 + v3 * 8)), v3) + v7 <= (v2 * 60 + ((v3 * 8 + v4) + v5)) + v7","Any[(34, 1), (15, 2), (15, 1), (34, 1), (13, 10), (13, 9), (31, 1), (31, 1), (13, 1), (26, 1)]",12.0
72,10,1,"Any[(24, 1)]",42.0
73,1,1,"Any[(24, 1)]",6.0
73,2,112 <= (v0 + 112) - v0,"Any[(13, 1), (34, 1), (17, 1), (10, 1), (11, 1), (44, 1)]",12.0
73,3,1,"Any[(33, 1), (17, 1), (35, 1), (33, 1), (10, 1), (11, 1), (44, 1), (35, 1), (24, 1)]",18.0
73,4,1,"Any[(24, 1)]",38.0
73,5,v7 + v3 <= (v2 * 30 + ((v4 + v3 * 4) + v5)) + v7,"Any[(34, 1), (15, 2), (15, 1), (34, 1), (13, 7), (13, 6), (31, 1), (31, 1), (13, 1), (26, 1)]",12.0
73,6,"min(v2 * 30 + (v5 + (v4 + v3 * 4)), v3) + v7 <= (v2 * 30 + ((v3 * 4 + v4) + v5)) + v7","Any[(34, 1), (15, 2), (15, 1), (34, 1), (13, 10), (13, 9), (31, 1), (31, 1), (13, 1), (26, 1)]",12.0
73,7,1,"Any[(24, 1)]",38.0
73,8,v7 + v3 <= (v2 * 60 + ((v4 + v3 * 8) + v5)) + v7,"Any[(34, 1), (15, 2), (15, 1), (34, 1), (13, 7), (13, 6), (31, 1), (31, 1), (13, 1), (26, 1)]",12.0
73,9,"min(v2 * 60 + (v5 + (v4 + v3 * 8)), v3) + v7 <= (v2 * 60 + ((v3 * 8 + v4) + v5)) + v7","Any[(34, 1), (15, 2), (15, 1), (34, 1), (13, 10), (13, 9), (31, 1), (31, 1), (13, 1), (26, 1)]",12.0
73,10,1,"Any[(24, 1)]",42.0
74,1,1,"Any[(24, 1)]",6.0
74,2,112 <= (v0 + 112) - v0,"Any[(13, 1), (34, 1), (17, 1), (10, 1), (11, 1), (44, 1)]",12.0
74,3,1,"Any[(33, 1), (17, 1), (35, 1), (33, 1), (10, 1), (11, 1), (44, 1), (35, 1), (24, 1)]",18.0
74,4,1,"Any[(24, 1)]",38.0
74,5,v7 + v3 <= (v2 * 30 + ((v4 + v3 * 4) + v5)) + v7,"Any[(34, 1), (15, 2), (15, 1), (34, 1), (13, 7), (13, 6), (31, 1), (31, 1), (13, 1), (26, 1)]",12.0
74,6,"min(v2 * 30 + (v5 + (v4 + v3 * 4)), v3) + v7 <= (v2 * 30 + ((v3 * 4 + v4) + v5)) + v7","Any[(34, 1), (15, 2), (15, 1), (34, 1), (13, 10), (13, 9), (31, 1), (31, 1), (13, 1), (26, 1)]",12.0
74,7,1,"Any[(24, 1)]",38.0
74,8,v7 + v3 <= (v2 * 60 + ((v4 + v3 * 8) + v5)) + v7,"Any[(34, 1), (15, 2), (15, 1), (34, 1), (13, 7), (13, 6), (31, 1), (31, 1), (13, 1), (26, 1)]",12.0
74,9,"min(v2 * 60 + (v5 + (v4 + v3 * 8)), v3) + v7 <= (v2 * 60 + ((v3 * 8 + v4) + v5)) + v7","Any[(34, 1), (15, 2), (15, 1), (34, 1), (13, 10), (13, 9), (31, 1), (31, 1), (13, 1), (26, 1)]",12.0
74,10,1,"Any[(24, 1)]",42.0
75,1,1,"Any[(24, 1)]",6.0
75,2,112 <= (v0 + 112) - v0,"Any[(13, 1), (34, 1), (17, 1), (10, 1), (11, 1), (44, 1)]",12.0
75,3,1,"Any[(33, 1), (17, 1), (35, 1), (33, 1), (10, 1), (11, 1), (44, 1), (35, 1), (24, 1)]",18.0
75,4,1,"Any[(24, 1)]",38.0
75,5,v7 + v3 <= (v2 * 30 + ((v4 + v3 * 4) + v5)) + v7,"Any[(34, 1), (15, 2), (15, 1), (34, 1), (13, 7), (13, 6), (31, 1), (31, 1), (13, 1), (26, 1)]",12.0
75,6,"min(v2 * 30 + (v5 + (v4 + v3 * 4)), v3) + v7 <= (v2 * 30 + ((v3 * 4 + v4) + v5)) + v7","Any[(34, 1), (15, 2), (15, 1), (34, 1), (13, 10), (13, 9), (31, 1), (31, 1), (13, 1), (26, 1)]",12.0
75,7,1,"Any[(24, 1)]",38.0
75,8,v7 + v3 <= (v2 * 60 + ((v4 + v3 * 8) + v5)) + v7,"Any[(34, 1), (15, 2), (15, 1), (34, 1), (13, 7), (13, 6), (31, 1), (31, 1), (13, 1), (26, 1)]",12.0
75,9,"min(v2 * 60 + (v5 + (v4 + v3 * 8)), v3) + v7 <= (v2 * 60 + ((v3 * 8 + v4) + v5)) + v7","Any[(34, 1), (15, 2), (15, 1), (34, 1), (13, 10), (13, 9), (31, 1), (31, 1), (13, 1), (26, 1)]",12.0
75,10,1,"Any[(24, 1)]",42.0
76,1,1,"Any[(24, 1)]",6.0
76,2,112 <= (v0 + 112) - v0,"Any[(13, 1), (34, 1), (17, 1), (10, 1), (11, 1), (44, 1)]",12.0
76,3,1,"Any[(33, 1), (17, 1), (35, 1), (33, 1), (10, 1), (11, 1), (44, 1), (35, 1), (24, 1)]",18.0
76,4,1,"Any[(24, 1)]",38.0
76,5,v7 + v3 <= (v2 * 30 + ((v4 + v3 * 4) + v5)) + v7,"Any[(34, 1), (15, 2), (15, 1), (34, 1), (13, 7), (13, 6), (31, 1), (31, 1), (13, 1), (26, 1)]",12.0
76,6,"min(v2 * 30 + (v5 + (v4 + v3 * 4)), v3) + v7 <= (v2 * 30 + ((v3 * 4 + v4) + v5)) + v7","Any[(34, 1), (15, 2), (15, 1), (34, 1), (13, 10), (13, 9), (31, 1), (31, 1), (13, 1), (26, 1)]",12.0
76,7,1,"Any[(24, 1)]",38.0
76,8,v7 + v3 <= (v2 * 60 + ((v4 + v3 * 8) + v5)) + v7,"Any[(34, 1), (15, 2), (15, 1), (34, 1), (13, 7), (13, 6), (31, 1), (31, 1), (13, 1), (26, 1)]",12.0
76,9,"min(v2 * 60 + (v5 + (v4 + v3 * 8)), v3) + v7 <= (v2 * 60 + ((v3 * 8 + v4) + v5)) + v7","Any[(34, 1), (15, 2), (15, 1), (34, 1), (13, 10), (13, 9), (31, 1), (31, 1), (13, 1), (26, 1)]",12.0
76,10,1,"Any[(24, 1)]",42.0
77,1,1,"Any[(24, 1)]",6.0
77,2,112 <= (v0 + 112) - v0,"Any[(13, 1), (34, 1), (17, 1), (10, 1), (11, 1), (44, 1)]",12.0
77,3,1,"Any[(33, 1), (17, 1), (35, 1), (33, 1), (10, 1), (11, 1), (44, 1), (35, 1), (24, 1)]",18.0
77,4,1,"Any[(24, 1)]",38.0
77,5,v7 + v3 <= (v2 * 30 + ((v4 + v3 * 4) + v5)) + v7,"Any[(34, 1), (15, 2), (15, 1), (34, 1), (13, 7), (13, 6), (31, 1), (31, 1), (13, 1), (26, 1)]",12.0
77,6,"min(v2 * 30 + (v5 + (v4 + v3 * 4)), v3) + v7 <= (v2 * 30 + ((v3 * 4 + v4) + v5)) + v7","Any[(34, 1), (15, 2), (15, 1), (34, 1), (13, 10), (13, 9), (31, 1), (31, 1), (13, 1), (26, 1)]",12.0
77,7,1,"Any[(24, 1)]",38.0
77,8,v7 + v3 <= (v2 * 60 + ((v4 + v3 * 8) + v5)) + v7,"Any[(34, 1), (15, 2), (15, 1), (34, 1), (13, 7), (13, 6), (31, 1), (31, 1), (13, 1), (26, 1)]",12.0
77,9,"min(v2 * 60 + (v5 + (v4 + v3 * 8)), v3) + v7 <= (v2 * 60 + ((v3 * 8 + v4) + v5)) + v7","Any[(34, 1), (15, 2), (15, 1), (34, 1), (13, 10), (13, 9), (31, 1), (31, 1), (13, 1), (26, 1)]",12.0
77,10,1,"Any[(24, 1)]",42.0
78,1,1,"Any[(24, 1)]",6.0
78,2,112 <= (v0 + 112) - v0,"Any[(13, 1), (34, 1), (17, 1), (10, 1), (11, 1), (44, 1)]",12.0
78,3,1,"Any[(33, 1), (17, 1), (35, 1), (33, 1), (10, 1), (11, 1), (44, 1), (35, 1), (24, 1)]",18.0
78,4,1,"Any[(24, 1)]",38.0
78,5,v7 + v3 <= (v2 * 30 + ((v4 + v3 * 4) + v5)) + v7,"Any[(34, 1), (15, 2), (15, 1), (34, 1), (13, 7), (13, 6), (31, 1), (31, 1), (13, 1), (26, 1)]",12.0
78,6,"min(v2 * 30 + (v5 + (v4 + v3 * 4)), v3) + v7 <= (v2 * 30 + ((v3 * 4 + v4) + v5)) + v7","Any[(34, 1), (15, 2), (15, 1), (34, 1), (13, 10), (13, 9), (31, 1), (31, 1), (13, 1), (26, 1)]",12.0
78,7,1,"Any[(24, 1)]",38.0
78,8,v7 + v3 <= (v2 * 60 + ((v4 + v3 * 8) + v5)) + v7,"Any[(34, 1), (15, 2), (15, 1), (34, 1), (13, 7), (13, 6), (31, 1), (31, 1), (13, 1), (26, 1)]",12.0
78,9,"min(v2 * 60 + (v5 + (v4 + v3 * 8)), v3) + v7 <= (v2 * 60 + ((v3 * 8 + v4) + v5)) + v7","Any[(34, 1), (15, 2), (15, 1), (34, 1), (13, 10), (13, 9), (31, 1), (31, 1), (13, 1), (26, 1)]",12.0
78,10,1,"Any[(24, 1)]",42.0
79,1,1,"Any[(24, 1)]",6.0
79,2,112 <= (v0 + 112) - v0,"Any[(13, 1), (34, 1), (17, 1), (10, 1), (11, 1), (44, 1)]",12.0
79,3,1,"Any[(33, 1), (17, 1), (35, 1), (33, 1), (10, 1), (11, 1), (44, 1), (35, 1), (24, 1)]",18.0
79,4,1,"Any[(24, 1)]",38.0
79,5,v7 + v3 <= (v2 * 30 + ((v4 + v3 * 4) + v5)) + v7,"Any[(34, 1), (15, 2), (15, 1), (34, 1), (13, 7), (13, 6), (31, 1), (31, 1), (13, 1), (26, 1)]",12.0
79,6,"min(v2 * 30 + (v5 + (v4 + v3 * 4)), v3) + v7 <= (v2 * 30 + ((v3 * 4 + v4) + v5)) + v7","Any[(34, 1), (15, 2), (15, 1), (34, 1), (13, 10), (13, 9), (31, 1), (31, 1), (13, 1), (26, 1)]",12.0
79,7,1,"Any[(24, 1)]",38.0
79,8,v7 + v3 <= (v2 * 60 + ((v4 + v3 * 8) + v5)) + v7,"Any[(34, 1), (15, 2), (15, 1), (34, 1), (13, 7), (13, 6), (31, 1), (31, 1), (13, 1), (26, 1)]",12.0
79,9,"min(v2 * 60 + (v5 + (v4 + v3 * 8)), v3) + v7 <= (v2 * 60 + ((v3 * 8 + v4) + v5)) + v7","Any[(34, 1), (15, 2), (15, 1), (34, 1), (13, 10), (13, 9), (31, 1), (31, 1), (13, 1), (26, 1)]",12.0
79,10,1,"Any[(24, 1)]",42.0
80,1,1,"Any[(24, 1)]",6.0
80,2,112 <= (v0 + 112) - v0,"Any[(13, 1), (34, 1), (17, 1), (10, 1), (11, 1), (44, 1)]",12.0
80,3,1,"Any[(33, 1), (17, 1), (35, 1), (33, 1), (10, 1), (11, 1), (44, 1), (35, 1), (24, 1)]",18.0
80,4,1,"Any[(24, 1)]",38.0
80,5,v7 + v3 <= (v2 * 30 + ((v4 + v3 * 4) + v5)) + v7,"Any[(34, 1), (15, 2), (15, 1), (34, 1), (13, 7), (13, 6), (31, 1), (31, 1), (13, 1), (26, 1)]",12.0
80,6,"min(v2 * 30 + (v5 + (v4 + v3 * 4)), v3) + v7 <= (v2 * 30 + ((v3 * 4 + v4) + v5)) + v7","Any[(34, 1), (15, 2), (15, 1), (34, 1), (13, 10), (13, 9), (31, 1), (31, 1), (13, 1), (26, 1)]",12.0
80,7,1,"Any[(24, 1)]",38.0
80,8,v7 + v3 <= (v2 * 60 + ((v4 + v3 * 8) + v5)) + v7,"Any[(34, 1), (15, 2), (15, 1), (34, 1), (13, 7), (13, 6), (31, 1), (31, 1), (13, 1), (26, 1)]",12.0
80,9,"min(v2 * 60 + (v5 + (v4 + v3 * 8)), v3) + v7 <= (v2 * 60 + ((v3 * 8 + v4) + v5)) + v7","Any[(34, 1), (15, 2), (15, 1), (34, 1), (13, 10), (13, 9), (31, 1), (31, 1), (13, 1), (26, 1)]",12.0
80,10,1,"Any[(24, 1)]",42.0
81,1,1,"Any[(24, 1)]",6.0
81,2,112 <= (v0 + 112) - v0,"Any[(13, 1), (34, 1), (17, 1), (10, 1), (11, 1), (44, 1)]",12.0
81,3,1,"Any[(33, 1), (17, 1), (35, 1), (33, 1), (10, 1), (11, 1), (44, 1), (35, 1), (24, 1)]",18.0
81,4,1,"Any[(24, 1)]",38.0
81,5,v7 + v3 <= (v2 * 30 + ((v4 + v3 * 4) + v5)) + v7,"Any[(34, 1), (15, 2), (15, 1), (34, 1), (13, 7), (13, 6), (31, 1), (31, 1), (13, 1), (26, 1)]",12.0
81,6,"min(v2 * 30 + (v5 + (v4 + v3 * 4)), v3) + v7 <= (v2 * 30 + ((v3 * 4 + v4) + v5)) + v7","Any[(34, 1), (15, 2), (15, 1), (34, 1), (13, 10), (13, 9), (31, 1), (31, 1), (13, 1), (26, 1)]",12.0
81,7,1,"Any[(24, 1)]",38.0
81,8,v7 + v3 <= (v2 * 60 + ((v4 + v3 * 8) + v5)) + v7,"Any[(34, 1), (15, 2), (15, 1), (34, 1), (13, 7), (13, 6), (31, 1), (31, 1), (13, 1), (26, 1)]",12.0
81,9,"min(v2 * 60 + (v5 + (v4 + v3 * 8)), v3) + v7 <= (v2 * 60 + ((v3 * 8 + v4) + v5)) + v7","Any[(34, 1), (15, 2), (15, 1), (34, 1), (13, 10), (13, 9), (31, 1), (31, 1), (13, 1), (26, 1)]",12.0
81,10,1,"Any[(24, 1)]",42.0
82,1,1,"Any[(24, 1)]",6.0
82,2,112 <= (v0 + 112) - v0,"Any[(13, 1), (34, 1), (17, 1), (10, 1), (11, 1), (44, 1)]",12.0
82,3,1,"Any[(33, 1), (17, 1), (35, 1), (33, 1), (10, 1), (11, 1), (44, 1), (35, 1), (24, 1)]",18.0
82,4,1,"Any[(24, 1)]",38.0
82,5,v7 + v3 <= (v2 * 30 + ((v4 + v3 * 4) + v5)) + v7,"Any[(34, 1), (15, 2), (15, 1), (34, 1), (13, 7), (13, 6), (31, 1), (31, 1), (13, 1), (26, 1)]",12.0
82,6,"min(v2 * 30 + (v5 + (v4 + v3 * 4)), v3) + v7 <= (v2 * 30 + ((v3 * 4 + v4) + v5)) + v7","Any[(34, 1), (15, 2), (15, 1), (34, 1), (13, 10), (13, 9), (31, 1), (31, 1), (13, 1), (26, 1)]",12.0
82,7,1,"Any[(24, 1)]",38.0
82,8,v7 + v3 <= (v2 * 60 + ((v4 + v3 * 8) + v5)) + v7,"Any[(34, 1), (15, 2), (15, 1), (34, 1), (13, 7), (13, 6), (31, 1), (31, 1), (13, 1), (26, 1)]",12.0
82,9,"min(v2 * 60 + (v5 + (v4 + v3 * 8)), v3) + v7 <= (v2 * 60 + ((v3 * 8 + v4) + v5)) + v7","Any[(34, 1), (15, 2), (15, 1), (34, 1), (13, 10), (13, 9), (31, 1), (31, 1), (13, 1), (26, 1)]",12.0
82,10,1,"Any[(24, 1)]",42.0
83,1,1,"Any[(24, 1)]",6.0
83,2,112 <= (v0 + 112) - v0,"Any[(13, 1), (34, 1), (17, 1), (10, 1), (11, 1), (44, 1)]",12.0
83,3,1,"Any[(33, 1), (17, 1), (35, 1), (33, 1), (10, 1), (11, 1), (44, 1), (35, 1), (24, 1)]",18.0
83,4,1,"Any[(24, 1)]",38.0
83,5,v7 + v3 <= (v2 * 30 + ((v4 + v3 * 4) + v5)) + v7,"Any[(34, 1), (15, 2), (15, 1), (34, 1), (13, 7), (13, 6), (31, 1), (31, 1), (13, 1), (26, 1)]",12.0
83,6,"min(v2 * 30 + (v5 + (v4 + v3 * 4)), v3) + v7 <= (v2 * 30 + ((v3 * 4 + v4) + v5)) + v7","Any[(34, 1), (15, 2), (15, 1), (34, 1), (13, 10), (13, 9), (31, 1), (31, 1), (13, 1), (26, 1)]",12.0
83,7,1,"Any[(24, 1)]",38.0
83,8,v7 + v3 <= (v2 * 60 + ((v4 + v3 * 8) + v5)) + v7,"Any[(34, 1), (15, 2), (15, 1), (34, 1), (13, 7), (13, 6), (31, 1), (31, 1), (13, 1), (26, 1)]",12.0
83,9,"min(v2 * 60 + (v5 + (v4 + v3 * 8)), v3) + v7 <= (v2 * 60 + ((v3 * 8 + v4) + v5)) + v7","Any[(34, 1), (15, 2), (15, 1), (34, 1), (13, 10), (13, 9), (31, 1), (31, 1), (13, 1), (26, 1)]",12.0
83,10,1,"Any[(24, 1)]",42.0
84,1,1,"Any[(24, 1)]",6.0
84,2,112 <= (v0 + 112) - v0,"Any[(13, 1), (34, 1), (17, 1), (10, 1), (11, 1), (44, 1)]",12.0
84,3,1,"Any[(33, 1), (17, 1), (35, 1), (33, 1), (10, 1), (11, 1), (44, 1), (35, 1), (24, 1)]",18.0
84,4,1,"Any[(24, 1)]",38.0
84,5,v7 + v3 <= (v2 * 30 + ((v4 + v3 * 4) + v5)) + v7,"Any[(34, 1), (15, 2), (15, 1), (34, 1), (13, 7), (13, 6), (31, 1), (31, 1), (13, 1), (26, 1)]",12.0
84,6,"min(v2 * 30 + (v5 + (v4 + v3 * 4)), v3) + v7 <= (v2 * 30 + ((v3 * 4 + v4) + v5)) + v7","Any[(34, 1), (15, 2), (15, 1), (34, 1), (13, 10), (13, 9), (31, 1), (31, 1), (13, 1), (26, 1)]",12.0
84,7,1,"Any[(24, 1)]",38.0
84,8,v7 + v3 <= (v2 * 60 + ((v4 + v3 * 8) + v5)) + v7,"Any[(34, 1), (15, 2), (15, 1), (34, 1), (13, 7), (13, 6), (31, 1), (31, 1), (13, 1), (26, 1)]",12.0
84,9,"min(v2 * 60 + (v5 + (v4 + v3 * 8)), v3) + v7 <= (v2 * 60 + ((v3 * 8 + v4) + v5)) + v7","Any[(34, 1), (15, 2), (15, 1), (34, 1), (13, 10), (13, 9), (31, 1), (31, 1), (13, 1), (26, 1)]",12.0
84,10,1,"Any[(24, 1)]",42.0
85,1,1,"Any[(24, 1)]",6.0
85,2,112 <= (v0 + 112) - v0,"Any[(13, 1), (34, 1), (17, 1), (10, 1), (11, 1), (44, 1)]",12.0
85,3,1,"Any[(33, 1), (17, 1), (35, 1), (33, 1), (10, 1), (11, 1), (44, 1), (35, 1), (24, 1)]",18.0
85,4,1,"Any[(24, 1)]",38.0
85,5,v7 + v3 <= (v2 * 30 + ((v4 + v3 * 4) + v5)) + v7,"Any[(34, 1), (15, 2), (15, 1), (34, 1), (13, 7), (13, 6), (31, 1), (31, 1), (13, 1), (26, 1)]",12.0
85,6,"min(v2 * 30 + (v5 + (v4 + v3 * 4)), v3) + v7 <= (v2 * 30 + ((v3 * 4 + v4) + v5)) + v7","Any[(34, 1), (15, 2), (15, 1), (34, 1), (13, 10), (13, 9), (31, 1), (31, 1), (13, 1), (26, 1)]",12.0
85,7,1,"Any[(24, 1)]",38.0
85,8,v7 + v3 <= (v2 * 60 + ((v4 + v3 * 8) + v5)) + v7,"Any[(34, 1), (15, 2), (15, 1), (34, 1), (13, 7), (13, 6), (31, 1), (31, 1), (13, 1), (26, 1)]",12.0
85,9,"min(v2 * 60 + (v5 + (v4 + v3 * 8)), v3) + v7 <= (v2 * 60 + ((v3 * 8 + v4) + v5)) + v7","Any[(34, 1), (15, 2), (15, 1), (34, 1), (13, 10), (13, 9), (31, 1), (31, 1), (13, 1), (26, 1)]",12.0
85,10,1,"Any[(24, 1)]",42.0
86,1,1,"Any[(24, 1)]",6.0
86,2,112 <= (v0 + 112) - v0,"Any[(13, 1), (34, 1), (17, 1), (10, 1), (11, 1), (44, 1)]",12.0
86,3,1,"Any[(33, 1), (17, 1), (35, 1), (33, 1), (10, 1), (11, 1), (44, 1), (35, 1), (24, 1)]",18.0
86,4,1,"Any[(24, 1)]",38.0
86,5,v7 + v3 <= (v2 * 30 + ((v4 + v3 * 4) + v5)) + v7,"Any[(34, 1), (15, 2), (15, 1), (34, 1), (13, 7), (13, 6), (31, 1), (31, 1), (13, 1), (26, 1)]",12.0
86,6,"min(v2 * 30 + (v5 + (v4 + v3 * 4)), v3) + v7 <= (v2 * 30 + ((v3 * 4 + v4) + v5)) + v7","Any[(34, 1), (15, 2), (15, 1), (34, 1), (13, 10), (13, 9), (31, 1), (31, 1), (13, 1), (26, 1)]",12.0
86,7,1,"Any[(24, 1)]",38.0
86,8,v7 + v3 <= (v2 * 60 + ((v4 + v3 * 8) + v5)) + v7,"Any[(34, 1), (15, 2), (15, 1), (34, 1), (13, 7), (13, 6), (31, 1), (31, 1), (13, 1), (26, 1)]",12.0
86,9,"min(v2 * 60 + (v5 + (v4 + v3 * 8)), v3) + v7 <= (v2 * 60 + ((v3 * 8 + v4) + v5)) + v7","Any[(34, 1), (15, 2), (15, 1), (34, 1), (13, 10), (13, 9), (31, 1), (31, 1), (13, 1), (26, 1)]",12.0
86,10,1,"Any[(24, 1)]",42.0
87,1,1,"Any[(24, 1)]",6.0
87,2,112 <= (v0 + 112) - v0,"Any[(13, 1), (34, 1), (17, 1), (10, 1), (11, 1), (44, 1)]",12.0
87,3,1,"Any[(33, 1), (17, 1), (35, 1), (33, 1), (10, 1), (11, 1), (44, 1), (35, 1), (24, 1)]",18.0
87,4,1,"Any[(24, 1)]",38.0
87,5,v7 + v3 <= (v2 * 30 + ((v4 + v3 * 4) + v5)) + v7,"Any[(34, 1), (15, 2), (15, 1), (34, 1), (13, 7), (13, 6), (31, 1), (31, 1), (13, 1), (26, 1)]",12.0
87,6,"min(v2 * 30 + (v5 + (v4 + v3 * 4)), v3) + v7 <= (v2 * 30 + ((v3 * 4 + v4) + v5)) + v7","Any[(34, 1), (15, 2), (15, 1), (34, 1), (13, 10), (13, 9), (31, 1), (31, 1), (13, 1), (26, 1)]",12.0
87,7,1,"Any[(24, 1)]",38.0
87,8,v7 + v3 <= (v2 * 60 + ((v4 + v3 * 8) + v5)) + v7,"Any[(34, 1), (15, 2), (15, 1), (34, 1), (13, 7), (13, 6), (31, 1), (31, 1), (13, 1), (26, 1)]",12.0
87,9,"min(v2 * 60 + (v5 + (v4 + v3 * 8)), v3) + v7 <= (v2 * 60 + ((v3 * 8 + v4) + v5)) + v7","Any[(34, 1), (15, 2), (15, 1), (34, 1), (13, 10), (13, 9), (31, 1), (31, 1), (13, 1), (26, 1)]",12.0
87,10,1,"Any[(24, 1)]",42.0
88,1,1,"Any[(24, 1)]",6.0
88,2,112 <= (v0 + 112) - v0,"Any[(13, 1), (34, 1), (17, 1), (10, 1), (11, 1), (44, 1)]",12.0
88,3,1,"Any[(33, 1), (17, 1), (35, 1), (33, 1), (10, 1), (11, 1), (44, 1), (35, 1), (24, 1)]",18.0
88,4,1,"Any[(24, 1)]",38.0
88,5,v7 + v3 <= (v2 * 30 + ((v4 + v3 * 4) + v5)) + v7,"Any[(34, 1), (15, 2), (15, 1), (34, 1), (13, 7), (13, 6), (31, 1), (31, 1), (13, 1), (26, 1)]",12.0
88,6,"min(v2 * 30 + (v5 + (v4 + v3 * 4)), v3) + v7 <= (v2 * 30 + ((v3 * 4 + v4) + v5)) + v7","Any[(34, 1), (15, 2), (15, 1), (34, 1), (13, 10), (13, 9), (31, 1), (31, 1), (13, 1), (26, 1)]",12.0
88,7,1,"Any[(24, 1)]",38.0
88,8,v7 + v3 <= (v2 * 60 + ((v4 + v3 * 8) + v5)) + v7,"Any[(34, 1), (15, 2), (15, 1), (34, 1), (13, 7), (13, 6), (31, 1), (31, 1), (13, 1), (26, 1)]",12.0
88,9,"min(v2 * 60 + (v5 + (v4 + v3 * 8)), v3) + v7 <= (v2 * 60 + ((v3 * 8 + v4) + v5)) + v7","Any[(34, 1), (15, 2), (15, 1), (34, 1), (13, 10), (13, 9), (31, 1), (31, 1), (13, 1), (26, 1)]",12.0
88,10,1,"Any[(24, 1)]",42.0
89,1,1,"Any[(24, 1)]",6.0
89,2,112 <= (v0 + 112) - v0,"Any[(13, 1), (34, 1), (17, 1), (10, 1), (11, 1), (44, 1)]",12.0
89,3,1,"Any[(33, 1), (17, 1), (35, 1), (33, 1), (10, 1), (11, 1), (44, 1), (35, 1), (24, 1)]",18.0
89,4,1,"Any[(24, 1)]",38.0
89,5,v7 + v3 <= (v2 * 30 + ((v4 + v3 * 4) + v5)) + v7,"Any[(34, 1), (15, 2), (15, 1), (34, 1), (13, 7), (13, 6), (31, 1), (31, 1), (13, 1), (26, 1)]",12.0
89,6,"min(v2 * 30 + (v5 + (v4 + v3 * 4)), v3) + v7 <= (v2 * 30 + ((v3 * 4 + v4) + v5)) + v7","Any[(34, 1), (15, 2), (15, 1), (34, 1), (13, 10), (13, 9), (31, 1), (31, 1), (13, 1), (26, 1)]",12.0
89,7,1,"Any[(24, 1)]",38.0
89,8,v7 + v3 <= (v2 * 60 + ((v4 + v3 * 8) + v5)) + v7,"Any[(34, 1), (15, 2), (15, 1), (34, 1), (13, 7), (13, 6), (31, 1), (31, 1), (13, 1), (26, 1)]",12.0
89,9,"min(v2 * 60 + (v5 + (v4 + v3 * 8)), v3) + v7 <= (v2 * 60 + ((v3 * 8 + v4) + v5)) + v7","Any[(34, 1), (15, 2), (15, 1), (34, 1), (13, 10), (13, 9), (31, 1), (31, 1), (13, 1), (26, 1)]",12.0
89,10,1,"Any[(24, 1)]",42.0
90,1,1,"Any[(24, 1)]",6.0
90,2,112 <= (v0 + 112) - v0,"Any[(13, 1), (34, 1), (17, 1), (10, 1), (11, 1), (44, 1)]",12.0
90,3,1,"Any[(33, 1), (17, 1), (35, 1), (33, 1), (10, 1), (11, 1), (44, 1), (35, 1), (24, 1)]",18.0
90,4,1,"Any[(24, 1)]",38.0
90,5,v7 + v3 <= (v2 * 30 + ((v4 + v3 * 4) + v5)) + v7,"Any[(34, 1), (15, 2), (15, 1), (34, 1), (13, 7), (13, 6), (31, 1), (31, 1), (13, 1), (26, 1)]",12.0
90,6,"min(v2 * 30 + (v5 + (v4 + v3 * 4)), v3) + v7 <= (v2 * 30 + ((v3 * 4 + v4) + v5)) + v7","Any[(34, 1), (15, 2), (15, 1), (34, 1), (13, 10), (13, 9), (31, 1), (31, 1), (13, 1), (26, 1)]",12.0
90,7,1,"Any[(24, 1)]",38.0
90,8,v7 + v3 <= (v2 * 60 + ((v4 + v3 * 8) + v5)) + v7,"Any[(34, 1), (15, 2), (15, 1), (34, 1), (13, 7), (13, 6), (31, 1), (31, 1), (13, 1), (26, 1)]",12.0
90,9,"min(v2 * 60 + (v5 + (v4 + v3 * 8)), v3) + v7 <= (v2 * 60 + ((v3 * 8 + v4) + v5)) + v7","Any[(34, 1), (15, 2), (15, 1), (34, 1), (13, 10), (13, 9), (31, 1), (31, 1), (13, 1), (26, 1)]",12.0
90,10,1,"Any[(24, 1)]",42.0
91,1,1,"Any[(24, 1)]",6.0
91,2,112 <= (v0 + 112) - v0,"Any[(13, 1), (34, 1), (17, 1), (10, 1), (11, 1), (44, 1)]",12.0
91,3,1,"Any[(33, 1), (17, 1), (35, 1), (33, 1), (10, 1), (11, 1), (44, 1), (35, 1), (24, 1)]",18.0
91,4,1,"Any[(24, 1)]",38.0
91,5,v7 + v3 <= (v2 * 30 + ((v4 + v3 * 4) + v5)) + v7,"Any[(34, 1), (15, 2), (15, 1), (34, 1), (13, 7), (13, 6), (31, 1), (31, 1), (13, 1), (26, 1)]",12.0
91,6,"min(v2 * 30 + (v5 + (v4 + v3 * 4)), v3) + v7 <= (v2 * 30 + ((v3 * 4 + v4) + v5)) + v7","Any[(34, 1), (15, 2), (15, 1), (34, 1), (13, 10), (13, 9), (31, 1), (31, 1), (13, 1), (26, 1)]",12.0
91,7,1,"Any[(24, 1)]",38.0
91,8,v7 + v3 <= (v2 * 60 + ((v4 + v3 * 8) + v5)) + v7,"Any[(34, 1), (15, 2), (15, 1), (34, 1), (13, 7), (13, 6), (31, 1), (31, 1), (13, 1), (26, 1)]",12.0
91,9,"min(v2 * 60 + (v5 + (v4 + v3 * 8)), v3) + v7 <= (v2 * 60 + ((v3 * 8 + v4) + v5)) + v7","Any[(34, 1), (15, 2), (15, 1), (34, 1), (13, 10), (13, 9), (31, 1), (31, 1), (13, 1), (26, 1)]",12.0
91,10,1,"Any[(24, 1)]",42.0
92,1,1,"Any[(24, 1)]",6.0
92,2,112 <= (v0 + 112) - v0,"Any[(13, 1), (34, 1), (17, 1), (10, 1), (11, 1), (44, 1)]",12.0
92,3,1,"Any[(33, 1), (17, 1), (35, 1), (33, 1), (10, 1), (11, 1), (44, 1), (35, 1), (24, 1)]",18.0
92,4,1,"Any[(24, 1)]",38.0
92,5,v7 + v3 <= (v2 * 30 + ((v4 + v3 * 4) + v5)) + v7,"Any[(34, 1), (15, 2), (15, 1), (34, 1), (13, 7), (13, 6), (31, 1), (31, 1), (13, 1), (26, 1)]",12.0
92,6,"min(v2 * 30 + (v5 + (v4 + v3 * 4)), v3) + v7 <= (v2 * 30 + ((v3 * 4 + v4) + v5)) + v7","Any[(34, 1), (15, 2), (15, 1), (34, 1), (13, 10), (13, 9), (31, 1), (31, 1), (13, 1), (26, 1)]",12.0
92,7,1,"Any[(24, 1)]",38.0
92,8,v7 + v3 <= (v2 * 60 + ((v4 + v3 * 8) + v5)) + v7,"Any[(34, 1), (15, 2), (15, 1), (34, 1), (13, 7), (13, 6), (31, 1), (31, 1), (13, 1), (26, 1)]",12.0
92,9,"min(v2 * 60 + (v5 + (v4 + v3 * 8)), v3) + v7 <= (v2 * 60 + ((v3 * 8 + v4) + v5)) + v7","Any[(34, 1), (15, 2), (15, 1), (34, 1), (13, 10), (13, 9), (31, 1), (31, 1), (13, 1), (26, 1)]",12.0
92,10,1,"Any[(24, 1)]",42.0
93,1,1,"Any[(24, 1)]",6.0
93,2,112 <= (v0 + 112) - v0,"Any[(13, 1), (34, 1), (17, 1), (10, 1), (11, 1), (44, 1)]",12.0
93,3,1,"Any[(33, 1), (17, 1), (35, 1), (33, 1), (10, 1), (11, 1), (44, 1), (35, 1), (24, 1)]",18.0
93,4,1,"Any[(24, 1)]",38.0
93,5,v7 + v3 <= (v2 * 30 + ((v4 + v3 * 4) + v5)) + v7,"Any[(34, 1), (15, 2), (15, 1), (34, 1), (13, 7), (13, 6), (31, 1), (31, 1), (13, 1), (26, 1)]",12.0
93,6,"min(v2 * 30 + (v5 + (v4 + v3 * 4)), v3) + v7 <= (v2 * 30 + ((v3 * 4 + v4) + v5)) + v7","Any[(34, 1), (15, 2), (15, 1), (34, 1), (13, 10), (13, 9), (31, 1), (31, 1), (13, 1), (26, 1)]",12.0
93,7,1,"Any[(24, 1)]",38.0
93,8,v7 + v3 <= (v2 * 60 + ((v4 + v3 * 8) + v5)) + v7,"Any[(34, 1), (15, 2), (15, 1), (34, 1), (13, 7), (13, 6), (31, 1), (31, 1), (13, 1), (26, 1)]",12.0
93,9,"min(v2 * 60 + (v5 + (v4 + v3 * 8)), v3) + v7 <= (v2 * 60 + ((v3 * 8 + v4) + v5)) + v7","Any[(34, 1), (15, 2), (15, 1), (34, 1), (13, 10), (13, 9), (31, 1), (31, 1), (13, 1), (26, 1)]",12.0
93,10,1,"Any[(24, 1)]",42.0
94,1,1,"Any[(24, 1)]",6.0
94,2,112 <= (v0 + 112) - v0,"Any[(13, 1), (34, 1), (17, 1), (10, 1), (11, 1), (44, 1)]",12.0
94,3,1,"Any[(33, 1), (17, 1), (35, 1), (33, 1), (10, 1), (11, 1), (44, 1), (35, 1), (24, 1)]",18.0
94,4,1,"Any[(24, 1)]",38.0
94,5,v7 + v3 <= (v2 * 30 + ((v4 + v3 * 4) + v5)) + v7,"Any[(34, 1), (15, 2), (15, 1), (34, 1), (13, 7), (13, 6), (31, 1), (31, 1), (13, 1), (26, 1)]",12.0
94,6,"min(v2 * 30 + (v5 + (v4 + v3 * 4)), v3) + v7 <= (v2 * 30 + ((v3 * 4 + v4) + v5)) + v7","Any[(34, 1), (15, 2), (15, 1), (34, 1), (13, 10), (13, 9), (31, 1), (31, 1), (13, 1), (26, 1)]",12.0
94,7,1,"Any[(24, 1)]",38.0
94,8,v7 + v3 <= (v2 * 60 + ((v4 + v3 * 8) + v5)) + v7,"Any[(34, 1), (15, 2), (15, 1), (34, 1), (13, 7), (13, 6), (31, 1), (31, 1), (13, 1), (26, 1)]",12.0
94,9,"min(v2 * 60 + (v5 + (v4 + v3 * 8)), v3) + v7 <= (v2 * 60 + ((v3 * 8 + v4) + v5)) + v7","Any[(34, 1), (15, 2), (15, 1), (34, 1), (13, 10), (13, 9), (31, 1), (31, 1), (13, 1), (26, 1)]",12.0
94,10,1,"Any[(24, 1)]",42.0
95,1,1,"Any[(24, 1)]",6.0
95,2,112 <= (v0 + 112) - v0,"Any[(13, 1), (34, 1), (17, 1), (10, 1), (11, 1), (44, 1)]",12.0
95,3,1,"Any[(33, 1), (17, 1), (35, 1), (33, 1), (10, 1), (11, 1), (44, 1), (35, 1), (24, 1)]",18.0
95,4,1,"Any[(24, 1)]",38.0
95,5,v7 + v3 <= (v2 * 30 + ((v4 + v3 * 4) + v5)) + v7,"Any[(34, 1), (15, 2), (15, 1), (34, 1), (13, 7), (13, 6), (31, 1), (31, 1), (13, 1), (26, 1)]",12.0
95,6,"min(v2 * 30 + (v5 + (v4 + v3 * 4)), v3) + v7 <= (v2 * 30 + ((v3 * 4 + v4) + v5)) + v7","Any[(34, 1), (15, 2), (15, 1), (34, 1), (13, 10), (13, 9), (31, 1), (31, 1), (13, 1), (26, 1)]",12.0
95,7,1,"Any[(24, 1)]",38.0
95,8,v7 + v3 <= (v2 * 60 + ((v4 + v3 * 8) + v5)) + v7,"Any[(34, 1), (15, 2), (15, 1), (34, 1), (13, 7), (13, 6), (31, 1), (31, 1), (13, 1), (26, 1)]",12.0
95,9,"min(v2 * 60 + (v5 + (v4 + v3 * 8)), v3) + v7 <= (v2 * 60 + ((v3 * 8 + v4) + v5)) + v7","Any[(34, 1), (15, 2), (15, 1), (34, 1), (13, 10), (13, 9), (31, 1), (31, 1), (13, 1), (26, 1)]",12.0
95,10,1,"Any[(24, 1)]",42.0
96,1,1,"Any[(24, 1)]",6.0
96,2,112 <= (v0 + 112) - v0,"Any[(13, 1), (34, 1), (17, 1), (10, 1), (11, 1), (44, 1)]",12.0
96,3,1,"Any[(33, 1), (17, 1), (35, 1), (33, 1), (10, 1), (11, 1), (44, 1), (35, 1), (24, 1)]",18.0
96,4,1,"Any[(24, 1)]",38.0
96,5,v7 + v3 <= (v2 * 30 + ((v4 + v3 * 4) + v5)) + v7,"Any[(34, 1), (15, 2), (15, 1), (34, 1), (13, 7), (13, 6), (31, 1), (31, 1), (13, 1), (26, 1)]",12.0
96,6,"min(v2 * 30 + (v5 + (v4 + v3 * 4)), v3) + v7 <= (v2 * 30 + ((v3 * 4 + v4) + v5)) + v7","Any[(34, 1), (15, 2), (15, 1), (34, 1), (13, 10), (13, 9), (31, 1), (31, 1), (13, 1), (26, 1)]",12.0
96,7,1,"Any[(24, 1)]",38.0
96,8,v7 + v3 <= (v2 * 60 + ((v4 + v3 * 8) + v5)) + v7,"Any[(34, 1), (15, 2), (15, 1), (34, 1), (13, 7), (13, 6), (31, 1), (31, 1), (13, 1), (26, 1)]",12.0
96,9,"min(v2 * 60 + (v5 + (v4 + v3 * 8)), v3) + v7 <= (v2 * 60 + ((v3 * 8 + v4) + v5)) + v7","Any[(34, 1), (15, 2), (15, 1), (34, 1), (13, 10), (13, 9), (31, 1), (31, 1), (13, 1), (26, 1)]",12.0
96,10,1,"Any[(24, 1)]",42.0
97,1,1,"Any[(24, 1)]",6.0
97,2,112 <= (v0 + 112) - v0,"Any[(13, 1), (34, 1), (17, 1), (10, 1), (11, 1), (44, 1)]",12.0
97,3,1,"Any[(33, 1), (17, 1), (35, 1), (33, 1), (10, 1), (11, 1), (44, 1), (35, 1), (24, 1)]",18.0
97,4,1,"Any[(24, 1)]",38.0
97,5,v7 + v3 <= (v2 * 30 + ((v4 + v3 * 4) + v5)) + v7,"Any[(34, 1), (15, 2), (15, 1), (34, 1), (13, 7), (13, 6), (31, 1), (31, 1), (13, 1), (26, 1)]",12.0
97,6,"min(v2 * 30 + (v5 + (v4 + v3 * 4)), v3) + v7 <= (v2 * 30 + ((v3 * 4 + v4) + v5)) + v7","Any[(34, 1), (15, 2), (15, 1), (34, 1), (13, 10), (13, 9), (31, 1), (31, 1), (13, 1), (26, 1)]",12.0
97,7,1,"Any[(24, 1)]",38.0
97,8,v7 + v3 <= (v2 * 60 + ((v4 + v3 * 8) + v5)) + v7,"Any[(34, 1), (15, 2), (15, 1), (34, 1), (13, 7), (13, 6), (31, 1), (31, 1), (13, 1), (26, 1)]",12.0
97,9,"min(v2 * 60 + (v5 + (v4 + v3 * 8)), v3) + v7 <= (v2 * 60 + ((v3 * 8 + v4) + v5)) + v7","Any[(34, 1), (15, 2), (15, 1), (34, 1), (13, 10), (13, 9), (31, 1), (31, 1), (13, 1), (26, 1)]",12.0
97,10,1,"Any[(24, 1)]",42.0
98,1,1,"Any[(24, 1)]",6.0
98,2,112 <= (v0 + 112) - v0,"Any[(13, 1), (34, 1), (17, 1), (10, 1), (11, 1), (44, 1)]",12.0
98,3,1,"Any[(33, 1), (17, 1), (35, 1), (33, 1), (10, 1), (11, 1), (44, 1), (35, 1), (24, 1)]",18.0
98,4,1,"Any[(24, 1)]",38.0
98,5,v7 + v3 <= (v2 * 30 + ((v4 + v3 * 4) + v5)) + v7,"Any[(34, 1), (15, 2), (15, 1), (34, 1), (13, 7), (13, 6), (31, 1), (31, 1), (13, 1), (26, 1)]",12.0
98,6,"min(v2 * 30 + (v5 + (v4 + v3 * 4)), v3) + v7 <= (v2 * 30 + ((v3 * 4 + v4) + v5)) + v7","Any[(34, 1), (15, 2), (15, 1), (34, 1), (13, 10), (13, 9), (31, 1), (31, 1), (13, 1), (26, 1)]",12.0
98,7,1,"Any[(24, 1)]",38.0
98,8,v7 + v3 <= (v2 * 60 + ((v4 + v3 * 8) + v5)) + v7,"Any[(34, 1), (15, 2), (15, 1), (34, 1), (13, 7), (13, 6), (31, 1), (31, 1), (13, 1), (26, 1)]",12.0
98,9,"min(v2 * 60 + (v5 + (v4 + v3 * 8)), v3) + v7 <= (v2 * 60 + ((v3 * 8 + v4) + v5)) + v7","Any[(34, 1), (15, 2), (15, 1), (34, 1), (13, 10), (13, 9), (31, 1), (31, 1), (13, 1), (26, 1)]",12.0
98,10,1,"Any[(24, 1)]",42.0
99,1,1,"Any[(24, 1)]",6.0
99,2,112 <= (v0 + 112) - v0,"Any[(13, 1), (34, 1), (17, 1), (10, 1), (11, 1), (44, 1)]",12.0
99,3,1,"Any[(33, 1), (17, 1), (35, 1), (33, 1), (10, 1), (11, 1), (44, 1), (35, 1), (24, 1)]",18.0
99,4,1,"Any[(24, 1)]",38.0
99,5,v7 + v3 <= (v2 * 30 + ((v4 + v3 * 4) + v5)) + v7,"Any[(34, 1), (15, 2), (15, 1), (34, 1), (13, 7), (13, 6), (31, 1), (31, 1), (13, 1), (26, 1)]",12.0
99,6,"min(v2 * 30 + (v5 + (v4 + v3 * 4)), v3) + v7 <= (v2 * 30 + ((v3 * 4 + v4) + v5)) + v7","Any[(34, 1), (15, 2), (15, 1), (34, 1), (13, 10), (13, 9), (31, 1), (31, 1), (13, 1), (26, 1)]",12.0
99,7,1,"Any[(24, 1)]",38.0
99,8,v7 + v3 <= (v2 * 60 + ((v4 + v3 * 8) + v5)) + v7,"Any[(34, 1), (15, 2), (15, 1), (34, 1), (13, 7), (13, 6), (31, 1), (31, 1), (13, 1), (26, 1)]",12.0
99,9,"min(v2 * 60 + (v5 + (v4 + v3 * 8)), v3) + v7 <= (v2 * 60 + ((v3 * 8 + v4) + v5)) + v7","Any[(34, 1), (15, 2), (15, 1), (34, 1), (13, 10), (13, 9), (31, 1), (31, 1), (13, 1), (26, 1)]",12.0
99,10,1,"Any[(24, 1)]",42.0
100,1,1,"Any[(24, 1)]",6.0
100,2,112 <= (v0 + 112) - v0,"Any[(13, 1), (34, 1), (17, 1), (10, 1), (11, 1), (44, 1)]",12.0
100,3,1,"Any[(33, 1), (17, 1), (35, 1), (33, 1), (10, 1), (11, 1), (44, 1), (35, 1), (24, 1)]",18.0
100,4,1,"Any[(24, 1)]",38.0
100,5,v7 + v3 <= (v2 * 30 + ((v4 + v3 * 4) + v5)) + v7,"Any[(34, 1), (15, 2), (15, 1), (34, 1), (13, 7), (13, 6), (31, 1), (31, 1), (13, 1), (26, 1)]",12.0
100,6,"min(v2 * 30 + (v5 + (v4 + v3 * 4)), v3) + v7 <= (v2 * 30 + ((v3 * 4 + v4) + v5)) + v7","Any[(34, 1), (15, 2), (15, 1), (34, 1), (13, 10), (13, 9), (31, 1), (31, 1), (13, 1), (26, 1)]",12.0
100,7,1,"Any[(24, 1)]",38.0
100,8,v7 + v3 <= (v2 * 60 + ((v4 + v3 * 8) + v5)) + v7,"Any[(34, 1), (15, 2), (15, 1), (34, 1), (13, 7), (13, 6), (31, 1), (31, 1), (13, 1), (26, 1)]",12.0
100,9,"min(v2 * 60 + (v5 + (v4 + v3 * 8)), v3) + v7 <= (v2 * 60 + ((v3 * 8 + v4) + v5)) + v7","Any[(34, 1), (15, 2), (15, 1), (34, 1), (13, 10), (13, 9), (31, 1), (31, 1), (13, 1), (26, 1)]",12.0
100,10,1,"Any[(24, 1)]",42.0
